route_id,route_name,origin,destination,distance_km,estimated_time_minutes,_ingested_at,_source_file
R0001,Route 1,Hassan,Bengaluru,435,652,2026-09-28T09:52:31,routes.csv
R0002,Route 2,Mysuru,Ramanagara,555,832,2026-09-28T09:52:31,routes.csv
R0003,Route 3,Hubballi,Shivamogga,172,258,2026-09-28T09:52:31,routes.csv
R0004,Route 4,Belagavi,Ramanagara,93,139,2026-09-28T09:52:31,routes.csv
R0005,Route 5,Bengaluru,Mandya,520,780,2026-09-28T09:52:31,routes.csv
R0006,Route 6,Bengaluru,Hubballi,66,99,2026-09-28T09:52:31,routes.csv
R0007,Route 7,Ramanagara,Mandya,34,51,2026-09-28T09:52:31,routes.csv
R0008,Route 8,Mandya,Bengaluru,334,501,2026-09-28T09:52:31,routes.csv
R0009,Route 9,Mysuru,Hubballi,194,291,2026-09-28T09:52:31,routes.csv
R0010,Route 10,Belagavi,Mysuru,128,192,2026-09-28T09:52:31,routes.csv
R0011,Route 11,Mysuru,Hubballi,245,367,2026-09-28T09:52:31,routes.csv
R0012,Route 12,Mysuru,Ramanagara,456,684,2026-09-28T09:52:31,routes.csv
R0013,Route 13,Hassan,Mangaluru,352,528,2026-09-28T09:52:31,routes.csv
R0014,Route 14,Mysuru,Belagavi,578,867,2026-09-28T09:52:31,routes.csv
R0015,Route 15,Mandya,Hassan,238,357,2026-09-28T09:52:31,routes.csv
R0016,Route 16,Bengaluru,Belagavi,197,295,2026-09-28T09:52:31,routes.csv
R0017,Route 17,Hassan,Mysuru,143,214,2026-09-28T09:52:31,routes.csv
R0018,Route 18,Tumakuru,Mandya,445,667,2026-09-28T09:52:31,routes.csv
R0019,Route 19,Mandya,Hassan,586,879,2026-09-28T09:52:31,routes.csv
R0020,Route 20,Mandya,Hubballi,269,403,2026-09-28T09:52:31,routes.csv
R0021,Route 21,Belagavi,Bengaluru,156,234,2026-09-28T09:52:31,routes.csv
R0022,Route 22,Mysuru,Belagavi,405,607,2026-09-28T09:52:31,routes.csv
R0023,Route 23,Mandya,Bengaluru,518,777,2026-09-28T09:52:31,routes.csv
R0024,Route 24,Mysuru,Bengaluru,27,40,2026-09-28T09:52:31,routes.csv
R0025,Route 25,Mandya,Mysuru,310,465,2026-09-28T09:52:31,routes.csv
R0026,Route 26,Mangaluru,Hubballi,149,223,2026-09-28T09:52:31,routes.csv
R0027,Route 27,Ramanagara,Mandya,297,445,2026-09-28T09:52:31,routes.csv
R0028,Route 28,Shivamogga,Hubballi,441,661,2026-09-28T09:52:31,routes.csv
R0029,Route 29,Ramanagara,Mandya,58,87,2026-09-28T09:52:31,routes.csv
R0030,Route 30,Belagavi,Mandya,531,796,2026-09-28T09:52:31,routes.csv
R0031,Route 31,Belagavi,Mysuru,328,492,2026-09-28T09:52:31,routes.csv
R0032,Route 32,Hassan,Mangaluru,24,36,2026-09-28T09:52:31,routes.csv
R0033,Route 33,Shivamogga,Ramanagara,216,324,2026-09-28T09:52:31,routes.csv
R0034,Route 34,Mysuru,Shivamogga,117,175,2026-09-28T09:52:31,routes.csv
R0035,Route 35,Belagavi,Hassan,572,858,2026-09-28T09:52:31,routes.csv
R0036,Route 36,Shivamogga,Ramanagara,495,742,2026-09-28T09:52:31,routes.csv
R0037,Route 37,Ramanagara,Tumakuru,74,111,2026-09-28T09:52:31,routes.csv
R0038,Route 38,Ramanagara,Mysuru,172,258,2026-09-28T09:52:31,routes.csv
R0039,Route 39,Hubballi,Mandya,183,274,2026-09-28T09:52:31,routes.csv
R0040,Route 40,Bengaluru,Hassan,311,466,2026-09-28T09:52:31,routes.csv
R0041,Route 41,Ramanagara,Mangaluru,277,415,2026-09-28T09:52:31,routes.csv
R0042,Route 42,Hassan,Belagavi,484,726,2026-09-28T09:52:31,routes.csv
R0043,Route 43,Bengaluru,Mysuru,73,109,2026-09-28T09:52:31,routes.csv
R0044,Route 44,Shivamogga,Mandya,181,271,2026-09-28T09:52:31,routes.csv
R0045,Route 45,Bengaluru,Hubballi,547,820,2026-09-28T09:52:31,routes.csv
R0046,Route 46,Mysuru,Ramanagara,475,712,2026-09-28T09:52:31,routes.csv
R0047,Route 47,Belagavi,Hassan,449,673,2026-09-28T09:52:31,routes.csv
R0048,Route 48,Ramanagara,Hassan,255,382,2026-09-28T09:52:31,routes.csv
R0049,Route 49,Mysuru,Hassan,253,379,2026-09-28T09:52:31,routes.csv
R0050,Route 50,Mysuru,Ramanagara,442,663,2026-09-28T09:52:31,routes.csv
R0051,Route 51,Ramanagara,Mangaluru,245,367,2026-09-28T09:52:31,routes.csv
R0052,Route 52,Mysuru,Hubballi,516,774,2026-09-28T09:52:31,routes.csv
R0053,Route 53,Bengaluru,Mangaluru,168,252,2026-09-28T09:52:31,routes.csv
R0054,Route 54,Ramanagara,Belagavi,485,727,2026-09-28T09:52:31,routes.csv
R0055,Route 55,Mandya,Mangaluru,402,603,2026-09-28T09:52:31,routes.csv
R0056,Route 56,Mandya,Hubballi,218,327,2026-09-28T09:52:31,routes.csv
R0057,Route 57,Hassan,Tumakuru,227,340,2026-09-28T09:52:31,routes.csv
R0058,Route 58,Hassan,Mandya,52,78,2026-09-28T09:52:31,routes.csv
R0059,Route 59,Belagavi,Bengaluru,307,460,2026-09-28T09:52:31,routes.csv
R0060,Route 60,Mandya,Mysuru,496,744,2026-09-28T09:52:31,routes.csv
R0061,Route 61,Hubballi,Mangaluru,195,292,2026-09-28T09:52:31,routes.csv
R0062,Route 62,Hassan,Ramanagara,322,483,2026-09-28T09:52:31,routes.csv
R0063,Route 63,Belagavi,Mandya,194,291,2026-09-28T09:52:31,routes.csv
R0064,Route 64,Belagavi,Shivamogga,255,382,2026-09-28T09:52:31,routes.csv
R0065,Route 65,Mysuru,Mangaluru,554,831,2026-09-28T09:52:31,routes.csv
R0066,Route 66,Hubballi,Ramanagara,504,756,2026-09-28T09:52:31,routes.csv
R0067,Route 67,Hubballi,Tumakuru,34,51,2026-09-28T09:52:31,routes.csv
R0068,Route 68,Mangaluru,Ramanagara,273,409,2026-09-28T09:52:31,routes.csv
R0069,Route 69,Hassan,Mangaluru,247,370,2026-09-28T09:52:31,routes.csv
R0070,Route 70,Belagavi,Mandya,25,37,2026-09-28T09:52:31,routes.csv
R0071,Route 71,Mangaluru,Bengaluru,61,91,2026-09-28T09:52:31,routes.csv
R0072,Route 72,Hubballi,Shivamogga,54,81,2026-09-28T09:52:31,routes.csv
R0073,Route 73,Mangaluru,Shivamogga,423,634,2026-09-28T09:52:31,routes.csv
R0074,Route 74,Hubballi,Mysuru,483,724,2026-09-28T09:52:31,routes.csv
R0075,Route 75,Hubballi,Ramanagara,105,157,2026-09-28T09:52:31,routes.csv
R0076,Route 76,Shivamogga,Bengaluru,436,654,2026-09-28T09:52:31,routes.csv
R0077,Route 77,Ramanagara,Mandya,387,580,2026-09-28T09:52:31,routes.csv
R0078,Route 78,Tumakuru,Ramanagara,112,168,2026-09-28T09:52:31,routes.csv
R0079,Route 79,Bengaluru,Hubballi,332,498,2026-09-28T09:52:31,routes.csv
R0080,Route 80,Mandya,Hubballi,44,66,2026-09-28T09:52:31,routes.csv
R0081,Route 81,Hubballi,Mandya,435,652,2026-09-28T09:52:31,routes.csv
R0082,Route 82,Mandya,Hassan,495,742,2026-09-28T09:52:31,routes.csv
R0083,Route 83,Bengaluru,Mysuru,414,621,2026-09-28T09:52:31,routes.csv
R0084,Route 84,Hassan,Shivamogga,53,79,2026-09-28T09:52:31,routes.csv
R0085,Route 85,Tumakuru,Mangaluru,296,444,2026-09-28T09:52:31,routes.csv
R0086,Route 86,Belagavi,Shivamogga,232,348,2026-09-28T09:52:31,routes.csv
R0087,Route 87,Mysuru,Belagavi,363,544,2026-09-28T09:52:31,routes.csv
R0088,Route 88,Bengaluru,Shivamogga,392,588,2026-09-28T09:52:31,routes.csv
R0089,Route 89,Bengaluru,Mysuru,412,618,2026-09-28T09:52:31,routes.csv
R0090,Route 90,Hassan,Hubballi,61,91,2026-09-28T09:52:31,routes.csv
R0091,Route 91,Hassan,Mandya,592,888,2026-09-28T09:52:31,routes.csv
R0092,Route 92,Mysuru,Shivamogga,229,343,2026-09-28T09:52:31,routes.csv
R0093,Route 93,Mandya,Hassan,264,396,2026-09-28T09:52:31,routes.csv
R0094,Route 94,Shivamogga,Mysuru,509,763,2026-09-28T09:52:31,routes.csv
R0095,Route 95,Belagavi,Ramanagara,250,375,2026-09-28T09:52:31,routes.csv
R0096,Route 96,Hassan,Tumakuru,535,802,2026-09-28T09:52:31,routes.csv
R0097,Route 97,Mangaluru,Tumakuru,75,112,2026-09-28T09:52:31,routes.csv
R0098,Route 98,Mysuru,Hassan,373,559,2026-09-28T09:52:31,routes.csv
R0099,Route 99,Hubballi,Shivamogga,559,838,2026-09-28T09:52:31,routes.csv
R0100,Route 100,Mysuru,Hubballi,564,846,2026-09-28T09:52:31,routes.csv
