customer_id,customer_name,email,segment,city,signup_date
C00001,Sneha Patil,customer1@example.com,Wholesale,Tumakuru,2023-09-05
C00002,Priya Kumar,customer2@example.com,Enterprise,Mangaluru,2021-12-20
C00003,Anil Singh,customer3@example.com,Corporate,Shivamogga,2023-12-21
C00004,Priya Singh,customer4@example.com,Retail,Mangaluru,2020-03-17
C00005,Naveen Sharma,customer5@example.com,Wholesale,Belagavi,2024-10-24
C00006,Vivek Singh,customer6@example.com,Enterprise,Tumakuru,2021-04-16
C00007,Pooja Kumar,customer7@example.com,Wholesale,Mandya,2025-02-27
C00008,Rohan Sharma,customer8@example.com,Enterprise,Mysuru,2022-09-23
C00009,Pooja Verma,customer9@example.com,Enterprise,Shivamogga,2020-11-18
C00010,Pooja Reddy,customer10@example.com,Wholesale,Ramanagara,2023-09-26
C00011,Anil Sharma,customer11@example.com,Retail,Shivamogga,2025-09-19
C00012,Sneha Shetty,customer12@example.com,Wholesale,Mandya,2022-08-25
C00013,Priya Patil,customer13@example.com,Wholesale,Ramanagara,2021-12-11
C00014,Vivek Patil,customer14@example.com,Retail,Mandya,2025-07-16
C00015,Naveen Verma,customer15@example.com,Enterprise,Belagavi,2023-08-16
C00016,Rohan Patil,customer16@example.com,Enterprise,Mysuru,2025-04-04
C00017,Naveen Reddy,customer17@example.com,Wholesale,Belagavi,2020-08-18
C00018,Rohan Das,customer18@example.com,Retail,Tumakuru,2025-03-06
C00019,Naveen Kumar,customer19@example.com,Retail,Hassan,2023-03-21
C00020,Priya Sharma,customer20@example.com,Enterprise,Hubballi,2020-06-17
C00021,Naveen Verma,customer21@example.com,Corporate,Hassan,2025-05-02
C00022,Swathi Patil,customer22@example.com,Retail,Hubballi,2021-02-27
C00023,Rohan Sharma,customer23@example.com,Corporate,Bengaluru,2022-10-11
C00024,Naveen Naik,customer24@example.com,Corporate,Hassan,2024-03-07
C00025,Deepa Singh,customer25@example.com,Enterprise,Hassan,2020-08-02
C00026,Rohan Sharma,customer26@example.com,Wholesale,Mysuru,2024-05-02
C00027,Deepa Reddy,customer27@example.com,Corporate,Hassan,2020-11-29
C00028,Vivek Patil,customer28@example.com,Wholesale,Tumakuru,2024-05-24
C00029,Anil Verma,customer29@example.com,Retail,Tumakuru,2024-03-22
C00030,Rohan Patil,customer30@example.com,Retail,Mangaluru,2025-09-13
C00031,Rohan Kumar,customer31@example.com,Wholesale,Tumakuru,2022-01-08
C00032,Sneha Shetty,customer32@example.com,Enterprise,Ramanagara,2022-07-16
C00033,Anil Patil,customer33@example.com,Retail,Tumakuru,2021-02-18
C00034,Swathi Das,customer34@example.com,Retail,Hassan,2021-06-20
C00035,Vivek Singh,customer35@example.com,Corporate,Mandya,2022-01-10
C00036,Vivek Patil,customer36@example.com,Enterprise,Bengaluru,2024-08-09
C00037,Rohan Gowda,customer37@example.com,Enterprise,Belagavi,2023-03-13
C00038,Naveen Gowda,customer38@example.com,Corporate,Tumakuru,2025-04-05
C00039,Sneha Shetty,customer39@example.com,Enterprise,Hubballi,2023-02-28
C00040,Pooja Das,customer40@example.com,Enterprise,Mandya,2022-03-28
C00041,Vivek Patil,customer41@example.com,Wholesale,Bengaluru,2025-05-22
C00042,Rohan Das,customer42@example.com,Retail,Shivamogga,2021-05-25
C00043,Deepa Sharma,customer43@example.com,Corporate,Tumakuru,2025-01-14
C00044,Swathi Patil,customer44@example.com,Enterprise,Mysuru,2022-06-28
C00045,Naveen Shetty,customer45@example.com,Retail,Mangaluru,2020-08-06
C00046,Pooja Das,customer46@example.com,Wholesale,Ramanagara,2024-04-30
C00047,Priya Shetty,customer47@example.com,Corporate,Bengaluru,2023-07-29
C00048,Priya Shetty,customer48@example.com,Corporate,Mandya,2020-06-05
C00049,Deepa Naik,customer49@example.com,Corporate,Hubballi,2025-01-11
C00050,Vivek Kumar,customer50@example.com,Retail,Bengaluru,2022-11-14
C00051,Sneha Patil,customer51@example.com,Enterprise,Mysuru,2023-03-26
C00052,Sneha Reddy,customer52@example.com,Retail,Bengaluru,2022-09-03
C00053,Pooja Verma,customer53@example.com,Enterprise,Mysuru,2021-03-30
C00054,Naveen Verma,customer54@example.com,Retail,Shivamogga,2022-09-17
C00055,Anil Reddy,customer55@example.com,Enterprise,Bengaluru,2023-12-16
C00056,Sneha Verma,customer56@example.com,Enterprise,Mandya,2020-12-16
C00057,Swathi Shetty,customer57@example.com,Retail,Shivamogga,2025-09-09
C00058,Swathi Das,customer58@example.com,Retail,Mangaluru,2025-04-09
C00059,Amit Singh,customer59@example.com,Wholesale,Tumakuru,2020-03-07
C00060,Rohan Sharma,customer60@example.com,Wholesale,Ramanagara,2021-02-28
C00061,Vivek Shetty,customer61@example.com,Corporate,Bengaluru,2023-12-14
C00062,Swathi Shetty,customer62@example.com,Corporate,Hubballi,2025-05-14
C00063,Anil Patil,customer63@example.com,Retail,Hubballi,2020-05-31
C00064,Deepa Gowda,customer64@example.com,Retail,Ramanagara,2020-06-20
C00065,Rohan Reddy,customer65@example.com,Enterprise,Shivamogga,2025-04-23
C00066,Deepa Kumar,customer66@example.com,Corporate,Tumakuru,2024-01-02
C00067,Amit Shetty,customer67@example.com,Wholesale,Mysuru,2024-02-16
C00068,Pooja Singh,customer68@example.com,Enterprise,Mangaluru,2023-10-20
C00069,Anil Naik,customer69@example.com,Enterprise,Hassan,2025-10-27
C00070,Deepa Sharma,customer70@example.com,Enterprise,Mysuru,2024-10-29
C00071,Vivek Patil,customer71@example.com,Wholesale,Hassan,2021-02-24
C00072,Priya Shetty,customer72@example.com,Wholesale,Tumakuru,2024-12-31
C00073,Vivek Singh,customer73@example.com,Corporate,Hubballi,2023-12-10
C00074,Naveen Kumar,customer74@example.com,Wholesale,Belagavi,2024-11-16
C00075,Deepa Kumar,customer75@example.com,Retail,Mangaluru,2024-01-28
C00076,Swathi Patil,customer76@example.com,Retail,Mandya,2024-11-29
C00077,Amit Patil,customer77@example.com,Retail,Ramanagara,2024-02-09
C00078,Rohan Singh,customer78@example.com,Retail,Belagavi,2021-09-20
C00079,Naveen Shetty,customer79@example.com,Wholesale,Hubballi,2020-11-10
C00080,Vivek Patil,customer80@example.com,Wholesale,Mangaluru,2023-07-11
C00081,Deepa Gowda,customer81@example.com,Retail,Bengaluru,2022-02-01
C00082,Naveen Das,customer82@example.com,Enterprise,Shivamogga,2021-04-27
C00083,Deepa Reddy,customer83@example.com,Enterprise,Ramanagara,2023-03-15
C00084,Naveen Gowda,customer84@example.com,Retail,Mandya,2020-10-30
C00085,Naveen Patil,customer85@example.com,Enterprise,Mysuru,2023-08-02
C00086,Rohan Sharma,customer86@example.com,Wholesale,Tumakuru,2021-10-07
C00087,Anil Shetty,customer87@example.com,Corporate,Mysuru,2022-04-03
C00088,Anil Gowda,customer88@example.com,Enterprise,Bengaluru,2024-01-18
C00089,Swathi Verma,customer89@example.com,Wholesale,Hubballi,2021-06-15
C00090,Vivek Sharma,customer90@example.com,Retail,Tumakuru,2024-06-18
C00091,Naveen Das,customer91@example.com,Enterprise,Mangaluru,2020-10-29
C00092,Anil Shetty,customer92@example.com,Retail,Hubballi,2025-03-23
C00093,Swathi Shetty,customer93@example.com,Corporate,Shivamogga,2022-01-15
C00094,Anil Singh,customer94@example.com,Retail,Mysuru,2025-10-23
C00095,Anil Reddy,customer95@example.com,Corporate,Mandya,2023-08-14
C00096,Sneha Shetty,customer96@example.com,Wholesale,Mysuru,2022-10-23
C00097,Sneha Das,customer97@example.com,Wholesale,Mandya,2023-05-25
C00098,Vivek Das,customer98@example.com,Retail,Shivamogga,2021-11-21
C00099,Vivek Verma,customer99@example.com,Corporate,Mandya,2023-10-14
C00100,Vivek Kumar,customer100@example.com,Retail,Mysuru,2020-07-05
C00101,Vivek Reddy,customer101@example.com,Corporate,Belagavi,2024-09-02
C00102,Vivek Kumar,customer102@example.com,Enterprise,Shivamogga,2023-04-01
C00103,Deepa Naik,customer103@example.com,Corporate,Mangaluru,2023-05-03
C00104,Naveen Sharma,customer104@example.com,Retail,Mandya,2024-12-05
C00105,Pooja Naik,customer105@example.com,Enterprise,Ramanagara,2023-10-25
C00106,Vivek Patil,customer106@example.com,Wholesale,Hassan,2023-11-15
C00107,Pooja Patil,customer107@example.com,Wholesale,Shivamogga,2021-03-10
C00108,Rohan Gowda,customer108@example.com,Enterprise,Mysuru,2022-12-31
C00109,Naveen Gowda,customer109@example.com,Corporate,Mysuru,2020-07-26
C00110,Deepa Singh,customer110@example.com,Enterprise,Ramanagara,2021-10-16
C00111,Rohan Verma,customer111@example.com,Wholesale,Ramanagara,2021-10-14
C00112,Naveen Das,customer112@example.com,Enterprise,Hubballi,2023-06-17
C00113,Naveen Kumar,customer113@example.com,Retail,Mangaluru,2025-09-01
C00114,Naveen Gowda,customer114@example.com,Corporate,Belagavi,2023-12-16
C00115,Amit Kumar,customer115@example.com,Wholesale,Hubballi,2025-04-11
C00116,Deepa Das,customer116@example.com,Retail,Mysuru,2024-10-31
C00117,Anil Reddy,customer117@example.com,Wholesale,Mangaluru,2024-02-07
C00118,Amit Singh,customer118@example.com,Retail,Belagavi,2022-03-08
C00119,Rohan Das,customer119@example.com,Wholesale,Mysuru,2024-05-01
C00120,Swathi Naik,customer120@example.com,Wholesale,Belagavi,2021-05-01
C00121,Anil Sharma,customer121@example.com,Enterprise,Hassan,2023-10-20
C00122,Swathi Shetty,customer122@example.com,Corporate,Ramanagara,2025-09-16
C00123,Pooja Das,customer123@example.com,Retail,Bengaluru,2020-06-08
C00124,Anil Shetty,customer124@example.com,Enterprise,Shivamogga,2025-02-14
C00125,Anil Verma,customer125@example.com,Corporate,Hassan,2023-07-28
C00126,Anil Singh,customer126@example.com,Wholesale,Belagavi,2023-10-09
C00127,Swathi Das,customer127@example.com,Enterprise,Belagavi,2023-05-12
C00128,Naveen Kumar,customer128@example.com,Wholesale,Hassan,2021-03-24
C00129,Pooja Verma,customer129@example.com,Wholesale,Bengaluru,2025-04-27
C00130,Deepa Verma,customer130@example.com,Corporate,Bengaluru,2025-05-21
C00131,Anil Das,customer131@example.com,Enterprise,Mandya,2022-09-19
C00132,Amit Verma,customer132@example.com,Retail,Ramanagara,2020-03-18
C00133,Naveen Shetty,customer133@example.com,Enterprise,Mandya,2024-08-18
C00134,Sneha Singh,customer134@example.com,Enterprise,Bengaluru,2021-07-19
C00135,Swathi Gowda,customer135@example.com,Wholesale,Hubballi,2025-11-22
C00136,Pooja Shetty,customer136@example.com,Corporate,Hubballi,2025-12-23
C00137,Rohan Das,customer137@example.com,Wholesale,Tumakuru,2025-06-06
C00138,Sneha Gowda,customer138@example.com,Wholesale,Shivamogga,2023-05-07
C00139,Sneha Reddy,customer139@example.com,Wholesale,Ramanagara,2025-06-25
C00140,Rohan Naik,customer140@example.com,Wholesale,Shivamogga,2023-01-25
C00141,Deepa Sharma,customer141@example.com,Enterprise,Mangaluru,2023-11-14
C00142,Anil Reddy,customer142@example.com,Retail,Tumakuru,2020-11-19
C00143,Rohan Naik,customer143@example.com,Wholesale,Hubballi,2022-05-26
C00144,Sneha Das,customer144@example.com,Wholesale,Shivamogga,2023-01-17
C00145,Anil Sharma,customer145@example.com,Corporate,Ramanagara,2020-07-26
C00146,Swathi Gowda,customer146@example.com,Corporate,Bengaluru,2021-02-14
C00147,Pooja Shetty,customer147@example.com,Enterprise,Mysuru,2021-07-17
C00148,Amit Das,customer148@example.com,Corporate,Mangaluru,2025-05-02
C00149,Naveen Gowda,customer149@example.com,Wholesale,Hassan,2023-03-15
C00150,Amit Sharma,customer150@example.com,Corporate,Shivamogga,2020-06-01
C00151,Anil Singh,customer151@example.com,Corporate,Bengaluru,2024-06-14
C00152,Naveen Patil,customer152@example.com,Wholesale,Bengaluru,2020-02-07
C00153,Deepa Verma,customer153@example.com,Retail,Hassan,2023-03-11
C00154,Naveen Das,customer154@example.com,Enterprise,Mandya,2025-08-27
C00155,Naveen Reddy,customer155@example.com,Corporate,Mysuru,2023-09-16
C00156,Anil Naik,customer156@example.com,Wholesale,Mandya,2020-02-27
C00157,Rohan Reddy,customer157@example.com,Corporate,Mandya,2024-07-18
C00158,Pooja Das,customer158@example.com,Wholesale,Mysuru,2024-06-29
C00159,Priya Patil,customer159@example.com,Corporate,Hubballi,2023-08-18
C00160,Sneha Kumar,customer160@example.com,Wholesale,Mangaluru,2022-08-22
C00161,Naveen Reddy,customer161@example.com,Wholesale,Tumakuru,2020-02-16
C00162,Deepa Shetty,customer162@example.com,Corporate,Bengaluru,2021-04-29
C00163,Naveen Reddy,customer163@example.com,Corporate,Mangaluru,2025-08-20
C00164,Deepa Sharma,customer164@example.com,Wholesale,Hassan,2022-06-23
C00165,Sneha Patil,customer165@example.com,Enterprise,Mandya,2025-02-06
C00166,Vivek Shetty,customer166@example.com,Enterprise,Shivamogga,2025-04-12
C00167,Swathi Gowda,customer167@example.com,Corporate,Belagavi,2020-12-01
C00168,Swathi Naik,customer168@example.com,Wholesale,Mysuru,2021-04-04
C00169,Amit Das,customer169@example.com,Corporate,Belagavi,2021-09-05
C00170,Anil Shetty,customer170@example.com,Enterprise,Mysuru,2022-04-21
C00171,Vivek Naik,customer171@example.com,Retail,Shivamogga,2024-12-29
C00172,Amit Naik,customer172@example.com,Corporate,Shivamogga,2024-08-28
C00173,Naveen Verma,customer173@example.com,Retail,Shivamogga,2025-03-08
C00174,Deepa Kumar,customer174@example.com,Enterprise,Tumakuru,2020-01-13
C00175,Sneha Verma,customer175@example.com,Retail,Bengaluru,2024-10-01
C00176,Rohan Sharma,customer176@example.com,Retail,Mysuru,2025-04-17
C00177,Amit Reddy,customer177@example.com,Enterprise,Mandya,2021-07-08
C00178,Pooja Shetty,customer178@example.com,Enterprise,Hubballi,2024-03-26
C00179,Pooja Sharma,customer179@example.com,Corporate,Hassan,2021-04-30
C00180,Anil Das,customer180@example.com,Enterprise,Shivamogga,2021-06-05
C00181,Sneha Kumar,customer181@example.com,Retail,Tumakuru,2025-03-11
C00182,Swathi Singh,customer182@example.com,Enterprise,Ramanagara,2022-10-10
C00183,Naveen Shetty,customer183@example.com,Corporate,Tumakuru,2022-02-11
C00184,Priya Kumar,customer184@example.com,Enterprise,Belagavi,2020-03-05
C00185,Sneha Gowda,customer185@example.com,Retail,Mysuru,2020-05-17
C00186,Naveen Verma,customer186@example.com,Retail,Ramanagara,2020-06-30
C00187,Pooja Naik,customer187@example.com,Corporate,Shivamogga,2022-06-08
C00188,Amit Patil,customer188@example.com,Wholesale,Ramanagara,2023-07-30
C00189,Vivek Verma,customer189@example.com,Wholesale,Ramanagara,2023-05-21
C00190,Anil Das,customer190@example.com,Corporate,Mangaluru,2023-05-15
C00191,Deepa Kumar,customer191@example.com,Corporate,Mangaluru,2025-07-23
C00192,Amit Shetty,customer192@example.com,Enterprise,Shivamogga,2023-07-29
C00193,Pooja Singh,customer193@example.com,Corporate,Tumakuru,2024-03-21
C00194,Anil Das,customer194@example.com,Enterprise,Ramanagara,2022-07-12
C00195,Deepa Patil,customer195@example.com,Enterprise,Bengaluru,2024-08-17
C00196,Pooja Das,customer196@example.com,Corporate,Mangaluru,2022-09-21
C00197,Deepa Gowda,customer197@example.com,Wholesale,Mysuru,2025-01-16
C00198,Rohan Sharma,customer198@example.com,Corporate,Bengaluru,2023-01-04
C00199,Pooja Verma,customer199@example.com,Retail,Mysuru,2022-02-09
C00200,Vivek Das,customer200@example.com,Corporate,Hubballi,2022-05-05
C00201,Rohan Reddy,customer201@example.com,Retail,Ramanagara,2022-02-17
C00202,Priya Naik,customer202@example.com,Corporate,Belagavi,2022-04-17
C00203,Pooja Gowda,customer203@example.com,Wholesale,Tumakuru,2024-04-08
C00204,Naveen Das,customer204@example.com,Wholesale,Tumakuru,2022-12-07
C00205,Rohan Das,customer205@example.com,Enterprise,Hubballi,2021-02-07
C00206,Naveen Shetty,customer206@example.com,Corporate,Hassan,2023-07-05
C00207,Pooja Kumar,customer207@example.com,Corporate,Mandya,2020-03-07
C00208,Deepa Das,customer208@example.com,Enterprise,Tumakuru,2021-09-16
C00209,Sneha Shetty,customer209@example.com,Corporate,Mangaluru,2022-10-03
C00210,Naveen Das,customer210@example.com,Wholesale,Tumakuru,2025-06-24
C00211,Naveen Naik,customer211@example.com,Corporate,Hassan,2021-11-24
C00212,Anil Das,customer212@example.com,Enterprise,Mandya,2020-08-28
C00213,Swathi Kumar,customer213@example.com,Retail,Bengaluru,2020-01-27
C00214,Pooja Patil,customer214@example.com,Corporate,Mysuru,2021-09-10
C00215,Amit Gowda,customer215@example.com,Enterprise,Hassan,2020-09-04
C00216,Vivek Verma,customer216@example.com,Enterprise,Hubballi,2020-03-05
C00217,Amit Das,customer217@example.com,Enterprise,Bengaluru,2020-03-09
C00218,Swathi Reddy,customer218@example.com,Wholesale,Bengaluru,2025-08-19
C00219,Pooja Patil,customer219@example.com,Retail,Mysuru,2025-11-17
C00220,Anil Gowda,customer220@example.com,Corporate,Belagavi,2025-11-26
C00221,Deepa Shetty,customer221@example.com,Wholesale,Mangaluru,2020-11-19
C00222,Rohan Singh,customer222@example.com,Enterprise,Belagavi,2022-09-23
C00223,Sneha Reddy,customer223@example.com,Retail,Bengaluru,2021-01-17
C00224,Pooja Singh,customer224@example.com,Enterprise,Shivamogga,2025-05-03
C00225,Amit Kumar,customer225@example.com,Corporate,Mysuru,2025-08-09
C00226,Pooja Shetty,customer226@example.com,Retail,Shivamogga,2020-06-23
C00227,Sneha Gowda,customer227@example.com,Enterprise,Tumakuru,2020-07-09
C00228,Priya Reddy,customer228@example.com,Retail,Mandya,2023-07-12
C00229,Amit Gowda,customer229@example.com,Corporate,Mangaluru,2020-11-11
C00230,Deepa Patil,customer230@example.com,Corporate,Belagavi,2024-05-12
C00231,Swathi Shetty,customer231@example.com,Enterprise,Mandya,2020-11-17
C00232,Swathi Shetty,customer232@example.com,Retail,Mysuru,2024-11-25
C00233,Sneha Sharma,customer233@example.com,Wholesale,Belagavi,2024-06-12
C00234,Rohan Kumar,customer234@example.com,Wholesale,Hubballi,2025-07-02
C00235,Sneha Shetty,customer235@example.com,Enterprise,Mangaluru,2022-01-30
C00236,Vivek Singh,customer236@example.com,Retail,Belagavi,2023-04-24
C00237,Sneha Sharma,customer237@example.com,Retail,Tumakuru,2021-09-23
C00238,Pooja Patil,customer238@example.com,Enterprise,Hassan,2024-01-17
C00239,Priya Sharma,customer239@example.com,Retail,Tumakuru,2024-12-26
C00240,Rohan Reddy,customer240@example.com,Retail,Mandya,2020-12-23
C00241,Anil Singh,customer241@example.com,Enterprise,Shivamogga,2025-09-29
C00242,Pooja Sharma,customer242@example.com,Retail,Mysuru,2023-12-20
C00243,Swathi Sharma,customer243@example.com,Wholesale,Mangaluru,2020-02-20
C00244,Deepa Singh,customer244@example.com,Enterprise,Mysuru,2022-09-21
C00245,Vivek Das,customer245@example.com,Corporate,Mangaluru,2021-11-25
C00246,Anil Reddy,customer246@example.com,Wholesale,Tumakuru,2025-07-12
C00247,Anil Sharma,customer247@example.com,Corporate,Mangaluru,2023-02-04
C00248,Pooja Reddy,customer248@example.com,Enterprise,Mysuru,2024-01-19
C00249,Deepa Gowda,customer249@example.com,Enterprise,Belagavi,2022-03-11
C00250,Naveen Sharma,customer250@example.com,Corporate,Tumakuru,2020-01-28
C00251,Pooja Shetty,customer251@example.com,Enterprise,Hassan,2024-12-08
C00252,Rohan Singh,customer252@example.com,Corporate,Tumakuru,2023-08-06
C00253,Vivek Gowda,customer253@example.com,Enterprise,Hassan,2021-12-28
C00254,Pooja Shetty,customer254@example.com,Wholesale,Hubballi,2022-09-19
C00255,Rohan Singh,customer255@example.com,Wholesale,Mangaluru,2024-02-04
C00256,Priya Verma,customer256@example.com,Corporate,Belagavi,2022-01-06
C00257,Swathi Kumar,customer257@example.com,Enterprise,Ramanagara,2024-11-30
C00258,Deepa Sharma,customer258@example.com,Enterprise,Hubballi,2021-07-24
C00259,Deepa Gowda,customer259@example.com,Wholesale,Mandya,2024-09-29
C00260,Pooja Sharma,customer260@example.com,Enterprise,Belagavi,2025-05-16
C00261,Vivek Singh,customer261@example.com,Enterprise,Shivamogga,2020-05-30
C00262,Rohan Das,customer262@example.com,Retail,Mysuru,2022-10-13
C00263,Rohan Patil,customer263@example.com,Retail,Belagavi,2024-06-24
C00264,Rohan Singh,customer264@example.com,Retail,Bengaluru,2021-02-07
C00265,Deepa Gowda,customer265@example.com,Corporate,Hubballi,2024-03-12
C00266,Pooja Naik,customer266@example.com,Corporate,Hassan,2020-04-10
C00267,Naveen Sharma,customer267@example.com,Wholesale,Mangaluru,2020-12-17
C00268,Priya Patil,customer268@example.com,Wholesale,Tumakuru,2023-11-06
C00269,Naveen Gowda,customer269@example.com,Enterprise,Hassan,2025-05-04
C00270,Priya Naik,customer270@example.com,Enterprise,Hassan,2020-10-02
C00271,Deepa Kumar,customer271@example.com,Retail,Bengaluru,2023-11-06
C00272,Priya Patil,customer272@example.com,Corporate,Shivamogga,2021-12-15
C00273,Swathi Patil,customer273@example.com,Wholesale,Shivamogga,2024-10-12
C00274,Naveen Gowda,customer274@example.com,Enterprise,Mandya,2022-02-02
C00275,Pooja Singh,customer275@example.com,Retail,Belagavi,2022-03-19
C00276,Naveen Verma,customer276@example.com,Enterprise,Mangaluru,2020-01-19
C00277,Sneha Gowda,customer277@example.com,Wholesale,Mysuru,2021-02-20
C00278,Swathi Patil,customer278@example.com,Wholesale,Hassan,2022-03-18
C00279,Naveen Sharma,customer279@example.com,Wholesale,Hubballi,2025-12-01
C00280,Rohan Verma,customer280@example.com,Enterprise,Belagavi,2024-05-26
C00281,Vivek Sharma,customer281@example.com,Wholesale,Hassan,2025-02-18
C00282,Vivek Patil,customer282@example.com,Wholesale,Belagavi,2020-12-13
C00283,Anil Shetty,customer283@example.com,Retail,Ramanagara,2023-06-04
C00284,Priya Patil,customer284@example.com,Wholesale,Mandya,2025-09-23
C00285,Pooja Singh,customer285@example.com,Corporate,Belagavi,2024-04-20
C00286,Pooja Patil,customer286@example.com,Enterprise,Shivamogga,2021-12-10
C00287,Swathi Patil,customer287@example.com,Enterprise,Tumakuru,2021-07-28
C00288,Anil Shetty,customer288@example.com,Enterprise,Belagavi,2020-08-07
C00289,Rohan Kumar,customer289@example.com,Enterprise,Mandya,2022-03-10
C00290,Pooja Das,customer290@example.com,Enterprise,Mangaluru,2025-07-07
C00291,Pooja Naik,customer291@example.com,Enterprise,Mandya,2020-12-04
C00292,Vivek Kumar,customer292@example.com,Corporate,Tumakuru,2020-05-13
C00293,Deepa Gowda,customer293@example.com,Wholesale,Mandya,2025-02-16
C00294,Vivek Naik,customer294@example.com,Retail,Belagavi,2021-04-12
C00295,Deepa Das,customer295@example.com,Wholesale,Shivamogga,2020-06-19
C00296,Naveen Das,customer296@example.com,Corporate,Mangaluru,2021-02-23
C00297,Sneha Reddy,customer297@example.com,Retail,Hubballi,2022-12-12
C00298,Rohan Sharma,customer298@example.com,Enterprise,Mysuru,2022-08-28
C00299,Sneha Verma,customer299@example.com,Wholesale,Belagavi,2024-10-19
C00300,Anil Verma,customer300@example.com,Corporate,Ramanagara,2022-04-27
C00301,Amit Verma,customer301@example.com,Wholesale,Shivamogga,2023-02-25
C00302,Vivek Das,customer302@example.com,Corporate,Hassan,2023-04-13
C00303,Deepa Verma,customer303@example.com,Wholesale,Shivamogga,2021-01-25
C00304,Anil Singh,customer304@example.com,Retail,Tumakuru,2021-06-03
C00305,Anil Gowda,customer305@example.com,Corporate,Hassan,2022-10-10
C00306,Pooja Naik,customer306@example.com,Corporate,Belagavi,2023-01-05
C00307,Pooja Singh,customer307@example.com,Enterprise,Mysuru,2021-01-16
C00308,Pooja Das,customer308@example.com,Wholesale,Hassan,2025-02-05
C00309,Naveen Shetty,customer309@example.com,Retail,Mysuru,2025-02-20
C00310,Rohan Sharma,customer310@example.com,Enterprise,Ramanagara,2024-10-25
C00311,Sneha Naik,customer311@example.com,Wholesale,Hassan,2023-03-07
C00312,Rohan Das,customer312@example.com,Corporate,Belagavi,2025-06-10
C00313,Rohan Kumar,customer313@example.com,Retail,Mysuru,2025-02-25
C00314,Amit Sharma,customer314@example.com,Corporate,Hubballi,2025-02-12
C00315,Amit Singh,customer315@example.com,Corporate,Mandya,2023-05-21
C00316,Anil Reddy,customer316@example.com,Retail,Hassan,2022-10-22
C00317,Priya Shetty,customer317@example.com,Corporate,Bengaluru,2024-06-11
C00318,Deepa Gowda,customer318@example.com,Enterprise,Mysuru,2021-01-24
C00319,Amit Gowda,customer319@example.com,Enterprise,Mysuru,2021-06-27
C00320,Vivek Gowda,customer320@example.com,Enterprise,Bengaluru,2020-02-03
C00321,Rohan Sharma,customer321@example.com,Enterprise,Mandya,2025-05-10
C00322,Priya Gowda,customer322@example.com,Enterprise,Mysuru,2021-02-23
C00323,Priya Shetty,customer323@example.com,Wholesale,Tumakuru,2021-07-15
C00324,Pooja Patil,customer324@example.com,Corporate,Mysuru,2025-12-12
C00325,Vivek Kumar,customer325@example.com,Corporate,Hubballi,2023-12-09
C00326,Sneha Patil,customer326@example.com,Enterprise,Belagavi,2024-12-17
C00327,Sneha Sharma,customer327@example.com,Retail,Mandya,2021-05-19
C00328,Vivek Singh,customer328@example.com,Wholesale,Mangaluru,2023-07-12
C00329,Anil Gowda,customer329@example.com,Wholesale,Mysuru,2022-10-13
C00330,Swathi Verma,customer330@example.com,Wholesale,Bengaluru,2023-05-20
C00331,Sneha Das,customer331@example.com,Corporate,Mangaluru,2023-04-25
C00332,Amit Gowda,customer332@example.com,Enterprise,Mangaluru,2021-04-06
C00333,Sneha Naik,customer333@example.com,Retail,Shivamogga,2020-02-19
C00334,Rohan Shetty,customer334@example.com,Corporate,Mangaluru,2024-09-19
C00335,Rohan Das,customer335@example.com,Corporate,Hubballi,2020-10-25
C00336,Amit Verma,customer336@example.com,Retail,Bengaluru,2022-12-09
C00337,Sneha Kumar,customer337@example.com,Retail,Mangaluru,2025-09-06
C00338,Deepa Das,customer338@example.com,Enterprise,Mangaluru,2024-07-05
C00339,Priya Das,customer339@example.com,Corporate,Tumakuru,2020-12-08
C00340,Deepa Sharma,customer340@example.com,Corporate,Mandya,2023-08-31
C00341,Pooja Verma,customer341@example.com,Retail,Tumakuru,2024-11-26
C00342,Sneha Kumar,customer342@example.com,Corporate,Mysuru,2024-11-14
C00343,Priya Naik,customer343@example.com,Retail,Tumakuru,2021-12-20
C00344,Priya Kumar,customer344@example.com,Corporate,Bengaluru,2021-11-02
C00345,Naveen Shetty,customer345@example.com,Wholesale,Mandya,2024-03-03
C00346,Anil Reddy,customer346@example.com,Retail,Bengaluru,2023-10-04
C00347,Pooja Reddy,customer347@example.com,Retail,Tumakuru,2020-11-11
C00348,Naveen Naik,customer348@example.com,Wholesale,Bengaluru,2025-08-08
C00349,Vivek Patil,customer349@example.com,Wholesale,Mandya,2022-11-10
C00350,Priya Verma,customer350@example.com,Retail,Ramanagara,2025-09-15
C00351,Amit Kumar,customer351@example.com,Retail,Ramanagara,2020-07-07
C00352,Naveen Shetty,customer352@example.com,Enterprise,Mandya,2022-01-03
C00353,Amit Das,customer353@example.com,Enterprise,Ramanagara,2023-08-11
C00354,Sneha Singh,customer354@example.com,Wholesale,Tumakuru,2020-11-15
C00355,Vivek Shetty,customer355@example.com,Retail,Shivamogga,2020-08-03
C00356,Anil Gowda,customer356@example.com,Retail,Mangaluru,2020-10-09
C00357,Naveen Reddy,customer357@example.com,Wholesale,Hassan,2020-12-19
C00358,Swathi Naik,customer358@example.com,Retail,Hassan,2022-04-01
C00359,Deepa Verma,customer359@example.com,Wholesale,Belagavi,2022-09-20
C00360,Naveen Shetty,customer360@example.com,Enterprise,Ramanagara,2022-10-01
C00361,Anil Kumar,customer361@example.com,Enterprise,Bengaluru,2022-08-12
C00362,Swathi Shetty,customer362@example.com,Retail,Hassan,2020-01-06
C00363,Pooja Reddy,customer363@example.com,Retail,Ramanagara,2025-12-10
C00364,Sneha Singh,customer364@example.com,Enterprise,Bengaluru,2021-08-06
C00365,Deepa Sharma,customer365@example.com,Retail,Ramanagara,2025-10-29
C00366,Pooja Shetty,customer366@example.com,Enterprise,Mysuru,2021-01-26
C00367,Swathi Patil,customer367@example.com,Enterprise,Mysuru,2020-09-12
C00368,Pooja Patil,customer368@example.com,Corporate,Tumakuru,2022-12-05
C00369,Rohan Singh,customer369@example.com,Wholesale,Hassan,2025-01-28
C00370,Deepa Gowda,customer370@example.com,Retail,Ramanagara,2021-07-11
C00371,Vivek Sharma,customer371@example.com,Corporate,Mysuru,2021-11-04
C00372,Naveen Naik,customer372@example.com,Wholesale,Mangaluru,2021-05-09
C00373,Swathi Shetty,customer373@example.com,Corporate,Hubballi,2023-06-16
C00374,Naveen Reddy,customer374@example.com,Retail,Mysuru,2021-10-07
C00375,Deepa Verma,customer375@example.com,Retail,Ramanagara,2023-09-04
C00376,Anil Sharma,customer376@example.com,Corporate,Hassan,2024-06-11
C00377,Swathi Kumar,customer377@example.com,Wholesale,Tumakuru,2021-12-13
C00378,Amit Singh,customer378@example.com,Enterprise,Shivamogga,2022-10-20
C00379,Priya Naik,customer379@example.com,Retail,Mandya,2021-05-12
C00380,Amit Kumar,customer380@example.com,Corporate,Mandya,2022-03-22
C00381,Pooja Shetty,customer381@example.com,Retail,Belagavi,2022-11-26
C00382,Priya Kumar,customer382@example.com,Retail,Ramanagara,2024-12-21
C00383,Anil Sharma,customer383@example.com,Wholesale,Mysuru,2020-06-23
C00384,Naveen Kumar,customer384@example.com,Corporate,Belagavi,2024-11-09
C00385,Pooja Naik,customer385@example.com,Retail,Mangaluru,2024-10-13
C00386,Anil Shetty,customer386@example.com,Corporate,Mandya,2023-01-31
C00387,Deepa Naik,customer387@example.com,Corporate,Bengaluru,2022-10-03
C00388,Deepa Naik,customer388@example.com,Enterprise,Shivamogga,2025-05-16
C00389,Amit Sharma,customer389@example.com,Wholesale,Mangaluru,2021-07-16
C00390,Pooja Gowda,customer390@example.com,Corporate,Shivamogga,2020-03-20
C00391,Pooja Shetty,customer391@example.com,Enterprise,Shivamogga,2025-06-08
C00392,Rohan Verma,customer392@example.com,Wholesale,Mangaluru,2023-01-12
C00393,Anil Kumar,customer393@example.com,Wholesale,Belagavi,2022-06-16
C00394,Amit Reddy,customer394@example.com,Retail,Hubballi,2025-12-08
C00395,Rohan Verma,customer395@example.com,Corporate,Mandya,2021-02-14
C00396,Sneha Gowda,customer396@example.com,Wholesale,Shivamogga,2020-08-17
C00397,Sneha Verma,customer397@example.com,Enterprise,Hassan,2021-12-12
C00398,Anil Gowda,customer398@example.com,Wholesale,Hassan,2020-04-25
C00399,Rohan Verma,customer399@example.com,Corporate,Belagavi,2022-02-10
C00400,Naveen Das,customer400@example.com,Wholesale,Mandya,2025-07-01
C00401,Amit Sharma,customer401@example.com,Retail,Ramanagara,2022-06-15
C00402,Amit Das,customer402@example.com,Enterprise,Bengaluru,2023-09-20
C00403,Vivek Gowda,customer403@example.com,Corporate,Hassan,2021-12-27
C00404,Rohan Kumar,customer404@example.com,Retail,Mandya,2021-08-03
C00405,Priya Das,customer405@example.com,Wholesale,Mysuru,2024-03-10
C00406,Pooja Verma,customer406@example.com,Retail,Hassan,2023-05-21
C00407,Rohan Patil,customer407@example.com,Corporate,Mangaluru,2025-06-18
C00408,Rohan Patil,customer408@example.com,Wholesale,Ramanagara,2021-12-19
C00409,Pooja Reddy,customer409@example.com,Wholesale,Mandya,2021-12-28
C00410,Amit Verma,customer410@example.com,Enterprise,Belagavi,2020-05-12
C00411,Anil Verma,customer411@example.com,Wholesale,Belagavi,2022-06-23
C00412,Vivek Sharma,customer412@example.com,Enterprise,Mandya,2023-09-18
C00413,Priya Gowda,customer413@example.com,Wholesale,Hassan,2021-11-18
C00414,Priya Shetty,customer414@example.com,Enterprise,Bengaluru,2022-12-22
C00415,Sneha Gowda,customer415@example.com,Retail,Hassan,2022-11-17
C00416,Priya Kumar,customer416@example.com,Retail,Mangaluru,2024-11-29
C00417,Pooja Patil,customer417@example.com,Enterprise,Hubballi,2024-03-31
C00418,Rohan Das,customer418@example.com,Enterprise,Mysuru,2025-05-17
C00419,Vivek Gowda,customer419@example.com,Corporate,Hubballi,2020-10-28
C00420,Amit Reddy,customer420@example.com,Retail,Hassan,2022-12-05
C00421,Priya Sharma,customer421@example.com,Wholesale,Mandya,2024-03-17
C00422,Anil Sharma,customer422@example.com,Retail,Hassan,2025-05-31
C00423,Amit Singh,customer423@example.com,Corporate,Belagavi,2024-11-13
C00424,Anil Kumar,customer424@example.com,Retail,Hassan,2022-04-21
C00425,Sneha Singh,customer425@example.com,Wholesale,Tumakuru,2023-05-03
C00426,Sneha Sharma,customer426@example.com,Retail,Mangaluru,2025-07-03
C00427,Anil Kumar,customer427@example.com,Wholesale,Bengaluru,2024-10-17
C00428,Priya Reddy,customer428@example.com,Enterprise,Ramanagara,2021-02-01
C00429,Amit Gowda,customer429@example.com,Corporate,Tumakuru,2020-12-01
C00430,Naveen Sharma,customer430@example.com,Wholesale,Mangaluru,2025-04-12
C00431,Naveen Reddy,customer431@example.com,Retail,Shivamogga,2024-05-06
C00432,Anil Shetty,customer432@example.com,Enterprise,Hassan,2022-02-03
C00433,Naveen Kumar,customer433@example.com,Wholesale,Hubballi,2025-03-19
C00434,Deepa Gowda,customer434@example.com,Wholesale,Belagavi,2020-09-09
C00435,Anil Sharma,customer435@example.com,Retail,Hassan,2024-08-22
C00436,Vivek Gowda,customer436@example.com,Retail,Mangaluru,2025-11-10
C00437,Pooja Das,customer437@example.com,Enterprise,Belagavi,2022-08-23
C00438,Naveen Reddy,customer438@example.com,Retail,Mangaluru,2020-05-22
C00439,Swathi Verma,customer439@example.com,Corporate,Mysuru,2025-01-13
C00440,Anil Patil,customer440@example.com,Corporate,Ramanagara,2021-05-31
C00441,Amit Singh,customer441@example.com,Retail,Mangaluru,2022-04-07
C00442,Anil Verma,customer442@example.com,Wholesale,Hassan,2020-10-01
C00443,Priya Singh,customer443@example.com,Enterprise,Shivamogga,2023-08-28
C00444,Deepa Das,customer444@example.com,Enterprise,Bengaluru,2025-11-10
C00445,Pooja Sharma,customer445@example.com,Enterprise,Mandya,2021-08-30
C00446,Vivek Verma,customer446@example.com,Retail,Mysuru,2021-02-17
C00447,Deepa Das,customer447@example.com,Wholesale,Mangaluru,2022-12-17
C00448,Pooja Naik,customer448@example.com,Enterprise,Bengaluru,2021-12-06
C00449,Deepa Singh,customer449@example.com,Corporate,Belagavi,2024-07-03
C00450,Amit Singh,customer450@example.com,Wholesale,Ramanagara,2020-07-20
C00451,Naveen Reddy,customer451@example.com,Wholesale,Bengaluru,2023-10-15
C00452,Deepa Reddy,customer452@example.com,Wholesale,Hubballi,2021-02-06
C00453,Sneha Patil,customer453@example.com,Wholesale,Hubballi,2023-08-07
C00454,Deepa Singh,customer454@example.com,Retail,Ramanagara,2024-12-14
C00455,Sneha Singh,customer455@example.com,Enterprise,Shivamogga,2024-03-11
C00456,Amit Das,customer456@example.com,Corporate,Mysuru,2023-06-28
C00457,Swathi Singh,customer457@example.com,Corporate,Shivamogga,2020-04-28
C00458,Anil Gowda,customer458@example.com,Corporate,Bengaluru,2022-10-18
C00459,Amit Naik,customer459@example.com,Retail,Hassan,2022-03-26
C00460,Deepa Shetty,customer460@example.com,Enterprise,Shivamogga,2024-06-13
C00461,Priya Kumar,customer461@example.com,Corporate,Hassan,2025-06-25
C00462,Vivek Naik,customer462@example.com,Corporate,Hubballi,2023-12-03
C00463,Rohan Patil,customer463@example.com,Wholesale,Mysuru,2023-03-13
C00464,Amit Singh,customer464@example.com,Retail,Mandya,2022-05-27
C00465,Sneha Gowda,customer465@example.com,Corporate,Tumakuru,2024-08-04
C00466,Swathi Kumar,customer466@example.com,Retail,Hubballi,2021-06-25
C00467,Anil Verma,customer467@example.com,Retail,Ramanagara,2022-10-30
C00468,Vivek Reddy,customer468@example.com,Wholesale,Mangaluru,2024-03-22
C00469,Rohan Naik,customer469@example.com,Wholesale,Ramanagara,2025-03-26
C00470,Deepa Das,customer470@example.com,Enterprise,Belagavi,2021-02-23
C00471,Amit Das,customer471@example.com,Wholesale,Shivamogga,2023-03-03
C00472,Deepa Sharma,customer472@example.com,Enterprise,Mysuru,2023-10-09
C00473,Deepa Shetty,customer473@example.com,Wholesale,Tumakuru,2023-05-08
C00474,Sneha Patil,customer474@example.com,Corporate,Bengaluru,2024-07-13
C00475,Rohan Patil,customer475@example.com,Retail,Hubballi,2023-04-25
C00476,Deepa Singh,customer476@example.com,Enterprise,Mangaluru,2020-05-24
C00477,Vivek Verma,customer477@example.com,Corporate,Hassan,2022-06-29
C00478,Swathi Naik,customer478@example.com,Wholesale,Shivamogga,2023-05-14
C00479,Anil Das,customer479@example.com,Corporate,Tumakuru,2021-02-03
C00480,Naveen Patil,customer480@example.com,Wholesale,Shivamogga,2022-01-19
C00481,Rohan Sharma,customer481@example.com,Corporate,Hassan,2022-07-03
C00482,Deepa Singh,customer482@example.com,Wholesale,Hassan,2022-12-03
C00483,Vivek Reddy,customer483@example.com,Enterprise,Mysuru,2025-04-11
C00484,Amit Verma,customer484@example.com,Retail,Hubballi,2022-03-07
C00485,Swathi Sharma,customer485@example.com,Enterprise,Shivamogga,2023-05-07
C00486,Pooja Kumar,customer486@example.com,Corporate,Mandya,2022-03-31
C00487,Rohan Singh,customer487@example.com,Enterprise,Mandya,2023-07-19
C00488,Anil Sharma,customer488@example.com,Enterprise,Hassan,2021-12-25
C00489,Rohan Kumar,customer489@example.com,Retail,Hubballi,2023-01-25
C00490,Sneha Patil,customer490@example.com,Corporate,Hubballi,2020-12-26
C00491,Anil Verma,customer491@example.com,Enterprise,Mangaluru,2024-07-10
C00492,Pooja Naik,customer492@example.com,Enterprise,Bengaluru,2020-06-03
C00493,Swathi Gowda,customer493@example.com,Wholesale,Bengaluru,2023-08-12
C00494,Swathi Gowda,customer494@example.com,Retail,Bengaluru,2022-10-16
C00495,Sneha Shetty,customer495@example.com,Wholesale,Mandya,2021-02-24
C00496,Pooja Das,customer496@example.com,Wholesale,Mandya,2020-09-24
C00497,Amit Reddy,customer497@example.com,Wholesale,Hubballi,2025-11-01
C00498,Vivek Das,customer498@example.com,Wholesale,Mangaluru,2021-07-02
C00499,Rohan Naik,customer499@example.com,Wholesale,Ramanagara,2021-11-06
C00500,Pooja Kumar,customer500@example.com,Corporate,Ramanagara,2021-06-21
C00501,Sneha Kumar,customer501@example.com,Corporate,Mysuru,2024-02-10
C00502,Amit Singh,customer502@example.com,Wholesale,Shivamogga,2020-07-18
C00503,Vivek Kumar,customer503@example.com,Retail,Bengaluru,2020-07-16
C00504,Priya Singh,customer504@example.com,Enterprise,Mangaluru,2021-05-21
C00505,Swathi Reddy,customer505@example.com,Enterprise,Mandya,2022-04-21
C00506,Amit Reddy,customer506@example.com,Enterprise,Mysuru,2025-11-01
C00507,Deepa Verma,customer507@example.com,Corporate,Mangaluru,2021-03-05
C00508,Swathi Verma,customer508@example.com,Retail,Tumakuru,2021-04-11
C00509,Priya Naik,customer509@example.com,Corporate,Belagavi,2022-03-29
C00510,Deepa Das,customer510@example.com,Corporate,Hassan,2024-08-05
C00511,Deepa Patil,customer511@example.com,Retail,Shivamogga,2025-07-26
C00512,Sneha Naik,customer512@example.com,Wholesale,Ramanagara,2020-01-12
C00513,Amit Sharma,customer513@example.com,Retail,Belagavi,2025-07-16
C00514,Anil Sharma,customer514@example.com,Retail,Mysuru,2022-11-14
C00515,Sneha Naik,customer515@example.com,Wholesale,Tumakuru,2025-03-16
C00516,Amit Sharma,customer516@example.com,Corporate,Bengaluru,2023-04-05
C00517,Rohan Shetty,customer517@example.com,Enterprise,Mysuru,2021-01-24
C00518,Amit Kumar,customer518@example.com,Corporate,Mandya,2023-09-08
C00519,Rohan Naik,customer519@example.com,Wholesale,Mysuru,2024-03-06
C00520,Rohan Patil,customer520@example.com,Retail,Mangaluru,2024-06-27
C00521,Naveen Reddy,customer521@example.com,Enterprise,Hubballi,2024-09-23
C00522,Anil Sharma,customer522@example.com,Corporate,Bengaluru,2021-10-14
C00523,Priya Singh,customer523@example.com,Enterprise,Belagavi,2024-11-29
C00524,Anil Verma,customer524@example.com,Enterprise,Hassan,2020-04-28
C00525,Anil Naik,customer525@example.com,Enterprise,Mysuru,2024-08-11
C00526,Naveen Kumar,customer526@example.com,Retail,Tumakuru,2023-07-11
C00527,Amit Das,customer527@example.com,Corporate,Hassan,2025-10-27
C00528,Swathi Verma,customer528@example.com,Retail,Mangaluru,2022-10-15
C00529,Naveen Shetty,customer529@example.com,Enterprise,Mandya,2020-08-11
C00530,Amit Patil,customer530@example.com,Enterprise,Hubballi,2021-11-08
C00531,Priya Naik,customer531@example.com,Wholesale,Ramanagara,2023-09-17
C00532,Deepa Kumar,customer532@example.com,Corporate,Shivamogga,2024-03-30
C00533,Pooja Gowda,customer533@example.com,Retail,Hubballi,2024-12-24
C00534,Vivek Naik,customer534@example.com,Retail,Hubballi,2025-01-05
C00535,Rohan Sharma,customer535@example.com,Enterprise,Bengaluru,2021-02-24
C00536,Pooja Singh,customer536@example.com,Retail,Shivamogga,2020-01-01
C00537,Priya Verma,customer537@example.com,Wholesale,Shivamogga,2022-04-27
C00538,Naveen Shetty,customer538@example.com,Wholesale,Bengaluru,2022-07-02
C00539,Naveen Shetty,customer539@example.com,Enterprise,Hassan,2025-01-27
C00540,Priya Sharma,customer540@example.com,Corporate,Bengaluru,2023-10-30
C00541,Rohan Reddy,customer541@example.com,Wholesale,Mysuru,2020-07-06
C00542,Anil Naik,customer542@example.com,Corporate,Mangaluru,2021-03-14
C00543,Deepa Verma,customer543@example.com,Corporate,Ramanagara,2021-05-09
C00544,Pooja Gowda,customer544@example.com,Enterprise,Ramanagara,2023-10-16
C00545,Priya Singh,customer545@example.com,Retail,Belagavi,2021-05-19
C00546,Naveen Naik,customer546@example.com,Corporate,Hubballi,2020-01-18
C00547,Swathi Kumar,customer547@example.com,Enterprise,Belagavi,2025-06-01
C00548,Swathi Patil,customer548@example.com,Corporate,Mandya,2021-02-28
C00549,Pooja Verma,customer549@example.com,Wholesale,Shivamogga,2024-04-24
C00550,Pooja Verma,customer550@example.com,Corporate,Tumakuru,2024-06-17
C00551,Rohan Reddy,customer551@example.com,Enterprise,Mandya,2021-07-19
C00552,Pooja Verma,customer552@example.com,Wholesale,Shivamogga,2023-07-09
C00553,Swathi Gowda,customer553@example.com,Corporate,Ramanagara,2023-04-05
C00554,Rohan Patil,customer554@example.com,Corporate,Shivamogga,2023-08-13
C00555,Priya Shetty,customer555@example.com,Enterprise,Belagavi,2024-09-05
C00556,Swathi Reddy,customer556@example.com,Enterprise,Bengaluru,2025-11-11
C00557,Priya Kumar,customer557@example.com,Enterprise,Mandya,2020-08-05
C00558,Amit Gowda,customer558@example.com,Wholesale,Mandya,2023-03-19
C00559,Deepa Patil,customer559@example.com,Retail,Tumakuru,2022-04-15
C00560,Swathi Kumar,customer560@example.com,Wholesale,Hubballi,2021-02-23
C00561,Vivek Das,customer561@example.com,Corporate,Shivamogga,2024-05-11
C00562,Sneha Das,customer562@example.com,Wholesale,Bengaluru,2024-04-11
C00563,Pooja Singh,customer563@example.com,Wholesale,Shivamogga,2020-08-08
C00564,Amit Reddy,customer564@example.com,Corporate,Belagavi,2024-12-19
C00565,Sneha Shetty,customer565@example.com,Corporate,Ramanagara,2023-04-19
C00566,Naveen Patil,customer566@example.com,Retail,Mandya,2021-12-12
C00567,Swathi Sharma,customer567@example.com,Enterprise,Bengaluru,2024-10-21
C00568,Deepa Das,customer568@example.com,Wholesale,Mandya,2021-10-21
C00569,Vivek Reddy,customer569@example.com,Retail,Hassan,2025-03-25
C00570,Anil Kumar,customer570@example.com,Corporate,Hassan,2020-07-27
C00571,Vivek Reddy,customer571@example.com,Enterprise,Belagavi,2024-01-06
C00572,Priya Shetty,customer572@example.com,Corporate,Mandya,2025-11-02
C00573,Priya Das,customer573@example.com,Corporate,Mangaluru,2024-07-10
C00574,Priya Shetty,customer574@example.com,Corporate,Ramanagara,2023-09-21
C00575,Rohan Shetty,customer575@example.com,Wholesale,Ramanagara,2025-12-12
C00576,Naveen Das,customer576@example.com,Retail,Mysuru,2023-11-18
C00577,Naveen Gowda,customer577@example.com,Corporate,Bengaluru,2023-08-07
C00578,Pooja Sharma,customer578@example.com,Enterprise,Tumakuru,2023-03-04
C00579,Amit Das,customer579@example.com,Wholesale,Shivamogga,2025-09-14
C00580,Naveen Naik,customer580@example.com,Retail,Tumakuru,2022-02-27
C00581,Rohan Das,customer581@example.com,Retail,Mysuru,2021-11-16
C00582,Swathi Das,customer582@example.com,Retail,Mysuru,2022-05-13
C00583,Sneha Singh,customer583@example.com,Retail,Ramanagara,2024-11-17
C00584,Priya Patil,customer584@example.com,Retail,Hubballi,2023-09-20
C00585,Amit Sharma,customer585@example.com,Retail,Bengaluru,2021-12-30
C00586,Deepa Das,customer586@example.com,Retail,Belagavi,2022-07-21
C00587,Deepa Singh,customer587@example.com,Enterprise,Hubballi,2024-07-14
C00588,Pooja Shetty,customer588@example.com,Retail,Mangaluru,2021-04-29
C00589,Swathi Kumar,customer589@example.com,Retail,Belagavi,2020-07-05
C00590,Priya Shetty,customer590@example.com,Retail,Tumakuru,2023-05-19
C00591,Vivek Sharma,customer591@example.com,Wholesale,Hubballi,2024-04-11
C00592,Pooja Kumar,customer592@example.com,Enterprise,Mandya,2025-12-25
C00593,Sneha Patil,customer593@example.com,Enterprise,Shivamogga,2023-04-23
C00594,Anil Reddy,customer594@example.com,Wholesale,Bengaluru,2021-08-02
C00595,Priya Kumar,customer595@example.com,Retail,Belagavi,2024-06-02
C00596,Swathi Das,customer596@example.com,Retail,Tumakuru,2022-05-10
C00597,Rohan Gowda,customer597@example.com,Enterprise,Shivamogga,2021-08-06
C00598,Anil Patil,customer598@example.com,Corporate,Belagavi,2022-11-01
C00599,Sneha Sharma,customer599@example.com,Corporate,Belagavi,2020-08-10
C00600,Swathi Naik,customer600@example.com,Retail,Tumakuru,2020-10-02
C00601,Deepa Sharma,customer601@example.com,Corporate,Belagavi,2025-06-18
C00602,Rohan Shetty,customer602@example.com,Corporate,Ramanagara,2021-02-13
C00603,Deepa Verma,customer603@example.com,Retail,Ramanagara,2023-07-25
C00604,Naveen Naik,customer604@example.com,Wholesale,Belagavi,2023-06-06
C00605,Vivek Patil,customer605@example.com,Wholesale,Hassan,2024-10-20
C00606,Anil Kumar,customer606@example.com,Wholesale,Ramanagara,2022-06-26
C00607,Pooja Reddy,customer607@example.com,Wholesale,Mandya,2023-09-20
C00608,Naveen Naik,customer608@example.com,Enterprise,Hassan,2023-06-05
C00609,Naveen Das,customer609@example.com,Retail,Mandya,2020-12-01
C00610,Deepa Patil,customer610@example.com,Corporate,Tumakuru,2020-11-09
C00611,Priya Kumar,customer611@example.com,Retail,Belagavi,2024-07-17
C00612,Vivek Gowda,customer612@example.com,Retail,Shivamogga,2022-12-03
C00613,Swathi Das,customer613@example.com,Enterprise,Mandya,2024-02-07
C00614,Pooja Gowda,customer614@example.com,Wholesale,Mandya,2025-03-18
C00615,Swathi Das,customer615@example.com,Retail,Mangaluru,2024-01-30
C00616,Swathi Kumar,customer616@example.com,Corporate,Belagavi,2021-11-10
C00617,Swathi Patil,customer617@example.com,Enterprise,Mandya,2022-01-03
C00618,Vivek Verma,customer618@example.com,Corporate,Hubballi,2024-01-09
C00619,Amit Gowda,customer619@example.com,Enterprise,Ramanagara,2020-09-14
C00620,Deepa Shetty,customer620@example.com,Corporate,Bengaluru,2022-04-26
C00621,Swathi Shetty,customer621@example.com,Enterprise,Hubballi,2025-02-05
C00622,Amit Kumar,customer622@example.com,Wholesale,Mysuru,2025-11-05
C00623,Deepa Reddy,customer623@example.com,Corporate,Mangaluru,2024-03-30
C00624,Rohan Verma,customer624@example.com,Retail,Shivamogga,2022-10-27
C00625,Pooja Gowda,customer625@example.com,Enterprise,Hassan,2023-11-14
C00626,Naveen Naik,customer626@example.com,Retail,Shivamogga,2021-07-23
C00627,Naveen Patil,customer627@example.com,Corporate,Mysuru,2025-10-08
C00628,Deepa Gowda,customer628@example.com,Corporate,Mandya,2021-10-06
C00629,Rohan Verma,customer629@example.com,Retail,Ramanagara,2024-08-25
C00630,Rohan Sharma,customer630@example.com,Enterprise,Hubballi,2025-05-16
C00631,Sneha Verma,customer631@example.com,Corporate,Mangaluru,2020-04-01
C00632,Sneha Kumar,customer632@example.com,Corporate,Belagavi,2021-10-21
C00633,Anil Das,customer633@example.com,Retail,Belagavi,2021-08-24
C00634,Amit Patil,customer634@example.com,Wholesale,Mandya,2025-10-17
C00635,Pooja Verma,customer635@example.com,Retail,Tumakuru,2020-12-17
C00636,Sneha Naik,customer636@example.com,Enterprise,Hubballi,2021-11-29
C00637,Sneha Singh,customer637@example.com,Corporate,Belagavi,2022-01-14
C00638,Vivek Das,customer638@example.com,Wholesale,Mandya,2023-11-04
C00639,Naveen Verma,customer639@example.com,Retail,Ramanagara,2024-03-29
C00640,Pooja Patil,customer640@example.com,Retail,Bengaluru,2022-04-08
C00641,Swathi Das,customer641@example.com,Enterprise,Mandya,2021-01-29
C00642,Anil Naik,customer642@example.com,Retail,Shivamogga,2025-08-23
C00643,Priya Sharma,customer643@example.com,Enterprise,Mandya,2020-01-05
C00644,Pooja Das,customer644@example.com,Enterprise,Hassan,2020-06-26
C00645,Swathi Singh,customer645@example.com,Corporate,Hubballi,2024-04-10
C00646,Rohan Verma,customer646@example.com,Retail,Mangaluru,2021-07-02
C00647,Deepa Naik,customer647@example.com,Corporate,Mysuru,2023-03-06
C00648,Vivek Das,customer648@example.com,Enterprise,Tumakuru,2022-02-13
C00649,Amit Kumar,customer649@example.com,Retail,Shivamogga,2020-01-30
C00650,Pooja Gowda,customer650@example.com,Wholesale,Mangaluru,2024-01-23
C00651,Priya Patil,customer651@example.com,Enterprise,Belagavi,2022-11-04
C00652,Deepa Das,customer652@example.com,Enterprise,Belagavi,2024-02-06
C00653,Vivek Reddy,customer653@example.com,Enterprise,Ramanagara,2024-08-19
C00654,Swathi Das,customer654@example.com,Enterprise,Mandya,2024-02-25
C00655,Swathi Das,customer655@example.com,Enterprise,Tumakuru,2023-06-10
C00656,Vivek Shetty,customer656@example.com,Enterprise,Mandya,2021-05-02
C00657,Sneha Naik,customer657@example.com,Corporate,Mysuru,2022-05-28
C00658,Swathi Singh,customer658@example.com,Wholesale,Shivamogga,2020-08-01
C00659,Anil Singh,customer659@example.com,Retail,Mysuru,2021-08-18
C00660,Naveen Verma,customer660@example.com,Enterprise,Mysuru,2020-09-19
C00661,Deepa Gowda,customer661@example.com,Wholesale,Mysuru,2020-06-03
C00662,Pooja Singh,customer662@example.com,Wholesale,Belagavi,2020-08-23
C00663,Anil Naik,customer663@example.com,Enterprise,Bengaluru,2022-04-06
C00664,Swathi Reddy,customer664@example.com,Corporate,Bengaluru,2025-09-22
C00665,Swathi Gowda,customer665@example.com,Corporate,Bengaluru,2024-01-13
C00666,Sneha Kumar,customer666@example.com,Corporate,Mysuru,2023-02-04
C00667,Pooja Shetty,customer667@example.com,Enterprise,Mangaluru,2022-03-31
C00668,Swathi Kumar,customer668@example.com,Retail,Mysuru,2023-03-11
C00669,Swathi Verma,customer669@example.com,Wholesale,Hassan,2023-02-06
C00670,Sneha Verma,customer670@example.com,Corporate,Hubballi,2024-07-12
C00671,Vivek Kumar,customer671@example.com,Wholesale,Mandya,2024-07-25
C00672,Swathi Sharma,customer672@example.com,Retail,Shivamogga,2023-04-20
C00673,Rohan Sharma,customer673@example.com,Wholesale,Shivamogga,2022-10-21
C00674,Naveen Singh,customer674@example.com,Enterprise,Ramanagara,2023-10-23
C00675,Naveen Naik,customer675@example.com,Retail,Hubballi,2021-04-21
C00676,Deepa Sharma,customer676@example.com,Enterprise,Ramanagara,2022-07-30
C00677,Rohan Singh,customer677@example.com,Wholesale,Shivamogga,2020-02-09
C00678,Deepa Gowda,customer678@example.com,Wholesale,Mysuru,2024-06-22
C00679,Rohan Sharma,customer679@example.com,Corporate,Hubballi,2023-07-09
C00680,Rohan Gowda,customer680@example.com,Wholesale,Mandya,2022-02-17
C00681,Naveen Gowda,customer681@example.com,Corporate,Ramanagara,2022-12-23
C00682,Sneha Gowda,customer682@example.com,Corporate,Ramanagara,2023-12-29
C00683,Anil Sharma,customer683@example.com,Retail,Mysuru,2025-07-10
C00684,Vivek Kumar,customer684@example.com,Retail,Hubballi,2024-02-29
C00685,Vivek Shetty,customer685@example.com,Enterprise,Belagavi,2023-01-30
C00686,Naveen Patil,customer686@example.com,Wholesale,Mangaluru,2022-06-28
C00687,Vivek Patil,customer687@example.com,Retail,Shivamogga,2024-09-29
C00688,Naveen Das,customer688@example.com,Retail,Shivamogga,2023-11-23
C00689,Pooja Patil,customer689@example.com,Enterprise,Mysuru,2025-10-23
C00690,Naveen Shetty,customer690@example.com,Retail,Bengaluru,2022-05-13
C00691,Pooja Verma,customer691@example.com,Retail,Hassan,2024-01-21
C00692,Vivek Reddy,customer692@example.com,Corporate,Shivamogga,2022-12-12
C00693,Sneha Reddy,customer693@example.com,Enterprise,Belagavi,2023-11-06
C00694,Rohan Patil,customer694@example.com,Enterprise,Mangaluru,2022-05-12
C00695,Pooja Shetty,customer695@example.com,Wholesale,Mangaluru,2023-02-19
C00696,Naveen Patil,customer696@example.com,Corporate,Belagavi,2022-07-25
C00697,Priya Reddy,customer697@example.com,Corporate,Shivamogga,2024-11-05
C00698,Pooja Gowda,customer698@example.com,Corporate,Mandya,2025-04-21
C00699,Amit Patil,customer699@example.com,Enterprise,Hubballi,2021-07-04
C00700,Swathi Das,customer700@example.com,Wholesale,Hubballi,2023-05-13
C00701,Deepa Das,customer701@example.com,Retail,Mangaluru,2021-02-09
C00702,Anil Kumar,customer702@example.com,Corporate,Tumakuru,2025-05-05
C00703,Priya Naik,customer703@example.com,Wholesale,Tumakuru,2024-01-18
C00704,Rohan Das,customer704@example.com,Wholesale,Hassan,2020-03-22
C00705,Pooja Sharma,customer705@example.com,Wholesale,Belagavi,2022-03-25
C00706,Vivek Verma,customer706@example.com,Corporate,Tumakuru,2023-12-25
C00707,Rohan Das,customer707@example.com,Enterprise,Hubballi,2020-11-17
C00708,Pooja Verma,customer708@example.com,Wholesale,Hubballi,2021-08-16
C00709,Anil Shetty,customer709@example.com,Enterprise,Belagavi,2024-07-15
C00710,Priya Sharma,customer710@example.com,Corporate,Hassan,2022-07-23
C00711,Rohan Shetty,customer711@example.com,Wholesale,Tumakuru,2024-06-07
C00712,Deepa Naik,customer712@example.com,Wholesale,Belagavi,2025-11-03
C00713,Naveen Singh,customer713@example.com,Corporate,Mandya,2020-04-04
C00714,Anil Gowda,customer714@example.com,Wholesale,Mysuru,2022-05-12
C00715,Anil Singh,customer715@example.com,Retail,Mysuru,2020-09-18
C00716,Naveen Das,customer716@example.com,Retail,Bengaluru,2024-06-14
C00717,Swathi Sharma,customer717@example.com,Retail,Tumakuru,2021-09-28
C00718,Priya Singh,customer718@example.com,Wholesale,Ramanagara,2022-10-10
C00719,Deepa Naik,customer719@example.com,Corporate,Mandya,2025-11-27
C00720,Anil Kumar,customer720@example.com,Retail,Hassan,2023-08-25
C00721,Naveen Naik,customer721@example.com,Wholesale,Shivamogga,2024-12-27
C00722,Anil Das,customer722@example.com,Corporate,Belagavi,2025-02-13
C00723,Vivek Singh,customer723@example.com,Wholesale,Hassan,2025-05-26
C00724,Swathi Gowda,customer724@example.com,Retail,Hubballi,2023-06-15
C00725,Rohan Singh,customer725@example.com,Wholesale,Mandya,2023-05-28
C00726,Amit Kumar,customer726@example.com,Corporate,Hassan,2023-03-20
C00727,Naveen Das,customer727@example.com,Retail,Hubballi,2025-05-08
C00728,Deepa Kumar,customer728@example.com,Enterprise,Tumakuru,2022-08-05
C00729,Amit Das,customer729@example.com,Wholesale,Ramanagara,2024-08-13
C00730,Swathi Singh,customer730@example.com,Enterprise,Ramanagara,2021-10-30
C00731,Pooja Singh,customer731@example.com,Corporate,Tumakuru,2020-11-20
C00732,Pooja Gowda,customer732@example.com,Wholesale,Tumakuru,2025-12-18
C00733,Deepa Singh,customer733@example.com,Corporate,Mysuru,2022-01-17
C00734,Anil Reddy,customer734@example.com,Retail,Hubballi,2025-01-28
C00735,Deepa Verma,customer735@example.com,Enterprise,Ramanagara,2023-08-06
C00736,Amit Patil,customer736@example.com,Retail,Shivamogga,2020-03-31
C00737,Anil Sharma,customer737@example.com,Wholesale,Tumakuru,2021-05-27
C00738,Naveen Kumar,customer738@example.com,Corporate,Mysuru,2021-09-09
C00739,Amit Naik,customer739@example.com,Corporate,Hassan,2024-09-17
C00740,Deepa Naik,customer740@example.com,Wholesale,Hubballi,2020-05-09
C00741,Rohan Sharma,customer741@example.com,Corporate,Bengaluru,2022-12-27
C00742,Pooja Sharma,customer742@example.com,Enterprise,Mandya,2022-02-26
C00743,Deepa Singh,customer743@example.com,Retail,Mysuru,2022-10-16
C00744,Pooja Naik,customer744@example.com,Corporate,Bengaluru,2022-03-26
C00745,Naveen Sharma,customer745@example.com,Corporate,Hubballi,2024-05-12
C00746,Deepa Shetty,customer746@example.com,Corporate,Bengaluru,2025-11-03
C00747,Priya Reddy,customer747@example.com,Enterprise,Tumakuru,2022-03-24
C00748,Rohan Kumar,customer748@example.com,Corporate,Mysuru,2022-08-24
C00749,Pooja Shetty,customer749@example.com,Retail,Mandya,2023-02-04
C00750,Vivek Sharma,customer750@example.com,Enterprise,Ramanagara,2020-02-06
C00751,Amit Verma,customer751@example.com,Enterprise,Belagavi,2021-09-26
C00752,Rohan Sharma,customer752@example.com,Corporate,Mandya,2025-08-09
C00753,Priya Verma,customer753@example.com,Wholesale,Bengaluru,2020-09-01
C00754,Rohan Patil,customer754@example.com,Retail,Mandya,2025-06-21
C00755,Sneha Shetty,customer755@example.com,Wholesale,Hubballi,2022-03-01
C00756,Amit Singh,customer756@example.com,Wholesale,Mandya,2022-10-23
C00757,Amit Naik,customer757@example.com,Enterprise,Shivamogga,2023-04-22
C00758,Swathi Naik,customer758@example.com,Corporate,Belagavi,2022-02-03
C00759,Swathi Shetty,customer759@example.com,Wholesale,Hubballi,2023-02-01
C00760,Vivek Das,customer760@example.com,Corporate,Mysuru,2025-12-15
C00761,Anil Naik,customer761@example.com,Wholesale,Tumakuru,2024-02-12
C00762,Naveen Kumar,customer762@example.com,Enterprise,Mandya,2020-03-17
C00763,Vivek Shetty,customer763@example.com,Corporate,Hassan,2020-09-16
C00764,Swathi Singh,customer764@example.com,Corporate,Shivamogga,2025-07-30
C00765,Swathi Patil,customer765@example.com,Wholesale,Hassan,2024-08-05
C00766,Rohan Sharma,customer766@example.com,Retail,Shivamogga,2020-09-30
C00767,Amit Patil,customer767@example.com,Corporate,Bengaluru,2022-04-07
C00768,Priya Naik,customer768@example.com,Corporate,Mysuru,2020-05-10
C00769,Vivek Singh,customer769@example.com,Enterprise,Shivamogga,2022-11-14
C00770,Amit Shetty,customer770@example.com,Corporate,Belagavi,2020-10-17
C00771,Amit Gowda,customer771@example.com,Enterprise,Mysuru,2025-04-01
C00772,Amit Shetty,customer772@example.com,Enterprise,Hassan,2020-08-26
C00773,Vivek Reddy,customer773@example.com,Retail,Mysuru,2023-05-29
C00774,Priya Gowda,customer774@example.com,Retail,Mysuru,2022-08-04
C00775,Swathi Singh,customer775@example.com,Corporate,Ramanagara,2025-11-25
C00776,Sneha Verma,customer776@example.com,Corporate,Shivamogga,2024-08-27
C00777,Priya Verma,customer777@example.com,Wholesale,Hubballi,2024-10-15
C00778,Priya Patil,customer778@example.com,Corporate,Shivamogga,2024-07-02
C00779,Swathi Shetty,customer779@example.com,Corporate,Shivamogga,2024-12-19
C00780,Rohan Shetty,customer780@example.com,Wholesale,Hassan,2024-08-15
C00781,Pooja Shetty,customer781@example.com,Corporate,Belagavi,2022-05-26
C00782,Pooja Das,customer782@example.com,Wholesale,Hassan,2025-01-27
C00783,Naveen Singh,customer783@example.com,Retail,Bengaluru,2023-03-11
C00784,Vivek Kumar,customer784@example.com,Corporate,Tumakuru,2020-01-27
C00785,Deepa Gowda,customer785@example.com,Corporate,Hassan,2020-03-29
C00786,Deepa Das,customer786@example.com,Corporate,Mysuru,2020-06-03
C00787,Naveen Shetty,customer787@example.com,Corporate,Mandya,2022-12-21
C00788,Rohan Verma,customer788@example.com,Corporate,Ramanagara,2022-11-15
C00789,Deepa Sharma,customer789@example.com,Enterprise,Belagavi,2022-06-09
C00790,Priya Shetty,customer790@example.com,Enterprise,Mandya,2025-06-22
C00791,Vivek Sharma,customer791@example.com,Wholesale,Bengaluru,2024-04-11
C00792,Priya Kumar,customer792@example.com,Wholesale,Hassan,2024-11-13
C00793,Pooja Sharma,customer793@example.com,Corporate,Belagavi,2020-02-16
C00794,Pooja Kumar,customer794@example.com,Wholesale,Shivamogga,2020-06-17
C00795,Rohan Das,customer795@example.com,Corporate,Hassan,2025-08-19
C00796,Sneha Patil,customer796@example.com,Retail,Mangaluru,2024-12-30
C00797,Vivek Verma,customer797@example.com,Retail,Ramanagara,2024-11-04
C00798,Deepa Singh,customer798@example.com,Corporate,Mandya,2023-10-08
C00799,Priya Naik,customer799@example.com,Retail,Shivamogga,2024-06-23
C00800,Deepa Sharma,customer800@example.com,Enterprise,Shivamogga,2024-11-14
C00801,Anil Patil,customer801@example.com,Enterprise,Shivamogga,2022-03-22
C00802,Naveen Singh,customer802@example.com,Corporate,Shivamogga,2025-11-17
C00803,Sneha Gowda,customer803@example.com,Retail,Tumakuru,2024-10-27
C00804,Rohan Verma,customer804@example.com,Retail,Mysuru,2024-08-21
C00805,Pooja Shetty,customer805@example.com,Wholesale,Ramanagara,2023-08-06
C00806,Rohan Verma,customer806@example.com,Retail,Tumakuru,2021-11-24
C00807,Rohan Verma,customer807@example.com,Enterprise,Belagavi,2021-08-20
C00808,Naveen Kumar,customer808@example.com,Corporate,Ramanagara,2024-03-11
C00809,Anil Sharma,customer809@example.com,Retail,Bengaluru,2022-09-22
C00810,Vivek Patil,customer810@example.com,Wholesale,Bengaluru,2023-11-07
C00811,Priya Reddy,customer811@example.com,Enterprise,Hubballi,2020-04-03
C00812,Rohan Gowda,customer812@example.com,Corporate,Ramanagara,2025-11-13
C00813,Deepa Das,customer813@example.com,Enterprise,Belagavi,2021-08-01
C00814,Amit Singh,customer814@example.com,Retail,Tumakuru,2021-11-28
C00815,Amit Reddy,customer815@example.com,Corporate,Belagavi,2023-01-16
C00816,Amit Naik,customer816@example.com,Retail,Mysuru,2024-05-10
C00817,Deepa Shetty,customer817@example.com,Retail,Bengaluru,2023-04-13
C00818,Pooja Gowda,customer818@example.com,Enterprise,Shivamogga,2021-02-11
C00819,Rohan Naik,customer819@example.com,Retail,Mandya,2022-03-25
C00820,Swathi Naik,customer820@example.com,Retail,Bengaluru,2022-10-10
C00821,Swathi Reddy,customer821@example.com,Wholesale,Hubballi,2024-05-30
C00822,Anil Kumar,customer822@example.com,Wholesale,Hassan,2023-12-26
C00823,Deepa Gowda,customer823@example.com,Wholesale,Bengaluru,2022-11-21
C00824,Pooja Kumar,customer824@example.com,Wholesale,Ramanagara,2021-09-13
C00825,Rohan Singh,customer825@example.com,Corporate,Mysuru,2024-04-14
C00826,Swathi Verma,customer826@example.com,Corporate,Mangaluru,2022-09-11
C00827,Vivek Patil,customer827@example.com,Enterprise,Tumakuru,2023-09-10
C00828,Naveen Das,customer828@example.com,Corporate,Ramanagara,2021-07-21
C00829,Vivek Das,customer829@example.com,Corporate,Mandya,2023-06-19
C00830,Swathi Patil,customer830@example.com,Enterprise,Mandya,2021-10-09
C00831,Rohan Sharma,customer831@example.com,Retail,Mandya,2023-07-24
C00832,Anil Kumar,customer832@example.com,Wholesale,Mangaluru,2024-08-11
C00833,Deepa Naik,customer833@example.com,Wholesale,Mandya,2022-02-08
C00834,Priya Patil,customer834@example.com,Corporate,Bengaluru,2022-12-29
C00835,Vivek Verma,customer835@example.com,Corporate,Belagavi,2022-08-09
C00836,Sneha Kumar,customer836@example.com,Wholesale,Mysuru,2025-05-06
C00837,Anil Das,customer837@example.com,Enterprise,Hassan,2022-01-23
C00838,Pooja Naik,customer838@example.com,Enterprise,Mandya,2021-11-01
C00839,Sneha Gowda,customer839@example.com,Retail,Mangaluru,2020-03-02
C00840,Deepa Singh,customer840@example.com,Corporate,Ramanagara,2022-04-17
C00841,Priya Patil,customer841@example.com,Enterprise,Belagavi,2025-06-29
C00842,Rohan Naik,customer842@example.com,Corporate,Mangaluru,2024-07-16
C00843,Amit Verma,customer843@example.com,Enterprise,Hassan,2024-06-02
C00844,Vivek Verma,customer844@example.com,Retail,Shivamogga,2021-03-23
C00845,Naveen Naik,customer845@example.com,Retail,Ramanagara,2025-10-25
C00846,Swathi Singh,customer846@example.com,Retail,Shivamogga,2024-05-05
C00847,Swathi Kumar,customer847@example.com,Corporate,Tumakuru,2024-12-05
C00848,Pooja Reddy,customer848@example.com,Wholesale,Hubballi,2021-11-12
C00849,Pooja Reddy,customer849@example.com,Retail,Shivamogga,2021-08-05
C00850,Naveen Naik,customer850@example.com,Retail,Shivamogga,2021-04-08
C00851,Anil Verma,customer851@example.com,Corporate,Mangaluru,2024-08-20
C00852,Rohan Naik,customer852@example.com,Retail,Mandya,2025-02-01
C00853,Vivek Gowda,customer853@example.com,Enterprise,Mysuru,2022-10-21
C00854,Rohan Patil,customer854@example.com,Retail,Mysuru,2021-04-12
C00855,Naveen Shetty,customer855@example.com,Retail,Shivamogga,2024-04-22
C00856,Swathi Verma,customer856@example.com,Corporate,Mangaluru,2024-04-07
C00857,Amit Patil,customer857@example.com,Wholesale,Belagavi,2021-09-06
C00858,Anil Patil,customer858@example.com,Corporate,Bengaluru,2024-09-14
C00859,Deepa Reddy,customer859@example.com,Enterprise,Tumakuru,2022-01-10
C00860,Priya Patil,customer860@example.com,Corporate,Bengaluru,2022-11-02
C00861,Amit Naik,customer861@example.com,Enterprise,Hubballi,2020-01-24
C00862,Vivek Naik,customer862@example.com,Corporate,Ramanagara,2025-05-02
C00863,Naveen Singh,customer863@example.com,Enterprise,Mysuru,2020-01-27
C00864,Sneha Das,customer864@example.com,Wholesale,Belagavi,2022-04-30
C00865,Amit Patil,customer865@example.com,Corporate,Bengaluru,2023-11-30
C00866,Amit Patil,customer866@example.com,Retail,Belagavi,2023-05-07
C00867,Rohan Sharma,customer867@example.com,Retail,Mysuru,2024-09-03
C00868,Anil Patil,customer868@example.com,Wholesale,Belagavi,2021-12-27
C00869,Naveen Verma,customer869@example.com,Wholesale,Bengaluru,2021-01-16
C00870,Deepa Shetty,customer870@example.com,Wholesale,Mangaluru,2020-10-04
C00871,Pooja Das,customer871@example.com,Retail,Tumakuru,2025-04-12
C00872,Anil Sharma,customer872@example.com,Wholesale,Hassan,2025-11-28
C00873,Pooja Das,customer873@example.com,Corporate,Ramanagara,2020-08-26
C00874,Priya Verma,customer874@example.com,Retail,Hubballi,2023-03-22
C00875,Pooja Verma,customer875@example.com,Wholesale,Tumakuru,2025-11-22
C00876,Vivek Verma,customer876@example.com,Wholesale,Mandya,2025-07-26
C00877,Swathi Naik,customer877@example.com,Enterprise,Mandya,2022-08-11
C00878,Deepa Gowda,customer878@example.com,Retail,Mysuru,2020-04-08
C00879,Naveen Sharma,customer879@example.com,Corporate,Belagavi,2024-08-25
C00880,Pooja Kumar,customer880@example.com,Wholesale,Hassan,2022-05-19
C00881,Amit Gowda,customer881@example.com,Wholesale,Tumakuru,2020-10-04
C00882,Deepa Reddy,customer882@example.com,Wholesale,Bengaluru,2021-04-11
C00883,Rohan Shetty,customer883@example.com,Enterprise,Belagavi,2020-04-29
C00884,Anil Gowda,customer884@example.com,Wholesale,Hassan,2025-05-16
C00885,Naveen Kumar,customer885@example.com,Corporate,Hubballi,2021-09-28
C00886,Naveen Das,customer886@example.com,Wholesale,Hubballi,2024-08-22
C00887,Amit Das,customer887@example.com,Wholesale,Belagavi,2023-07-16
C00888,Swathi Das,customer888@example.com,Retail,Ramanagara,2023-09-20
C00889,Rohan Sharma,customer889@example.com,Corporate,Tumakuru,2020-05-07
C00890,Rohan Singh,customer890@example.com,Corporate,Belagavi,2024-05-14
C00891,Anil Verma,customer891@example.com,Retail,Tumakuru,2023-07-12
C00892,Amit Reddy,customer892@example.com,Enterprise,Mysuru,2025-07-28
C00893,Sneha Shetty,customer893@example.com,Enterprise,Tumakuru,2022-06-04
C00894,Swathi Reddy,customer894@example.com,Corporate,Mysuru,2024-03-12
C00895,Amit Gowda,customer895@example.com,Retail,Hubballi,2025-09-03
C00896,Amit Naik,customer896@example.com,Corporate,Ramanagara,2023-10-25
C00897,Naveen Das,customer897@example.com,Wholesale,Hassan,2021-08-09
C00898,Priya Das,customer898@example.com,Corporate,Ramanagara,2020-05-29
C00899,Naveen Singh,customer899@example.com,Retail,Bengaluru,2023-06-27
C00900,Amit Verma,customer900@example.com,Retail,Hassan,2025-03-27
C00901,Amit Sharma,customer901@example.com,Wholesale,Bengaluru,2023-07-02
C00902,Sneha Shetty,customer902@example.com,Corporate,Ramanagara,2023-03-19
C00903,Deepa Das,customer903@example.com,Wholesale,Hubballi,2021-04-26
C00904,Deepa Patil,customer904@example.com,Corporate,Tumakuru,2021-04-13
C00905,Amit Verma,customer905@example.com,Retail,Ramanagara,2023-12-05
C00906,Swathi Shetty,customer906@example.com,Wholesale,Mandya,2023-03-06
C00907,Vivek Gowda,customer907@example.com,Corporate,Mysuru,2023-06-29
C00908,Vivek Shetty,customer908@example.com,Enterprise,Bengaluru,2021-06-16
C00909,Amit Naik,customer909@example.com,Retail,Mysuru,2024-04-20
C00910,Amit Sharma,customer910@example.com,Enterprise,Mangaluru,2022-01-03
C00911,Vivek Verma,customer911@example.com,Enterprise,Belagavi,2023-12-27
C00912,Deepa Shetty,customer912@example.com,Corporate,Shivamogga,2020-11-17
C00913,Naveen Verma,customer913@example.com,Corporate,Mysuru,2025-04-02
C00914,Priya Naik,customer914@example.com,Wholesale,Hubballi,2025-04-11
C00915,Sneha Gowda,customer915@example.com,Corporate,Belagavi,2022-11-22
C00916,Rohan Singh,customer916@example.com,Corporate,Hassan,2023-08-23
C00917,Naveen Naik,customer917@example.com,Retail,Mysuru,2025-04-30
C00918,Priya Shetty,customer918@example.com,Enterprise,Hubballi,2021-11-30
C00919,Deepa Shetty,customer919@example.com,Corporate,Shivamogga,2021-02-25
C00920,Pooja Sharma,customer920@example.com,Wholesale,Shivamogga,2020-10-17
C00921,Deepa Das,customer921@example.com,Enterprise,Mangaluru,2024-08-20
C00922,Sneha Verma,customer922@example.com,Corporate,Shivamogga,2021-10-13
C00923,Naveen Singh,customer923@example.com,Retail,Hassan,2022-05-02
C00924,Vivek Singh,customer924@example.com,Enterprise,Belagavi,2023-11-02
C00925,Swathi Gowda,customer925@example.com,Corporate,Mysuru,2025-06-16
C00926,Priya Verma,customer926@example.com,Enterprise,Hassan,2021-02-03
C00927,Naveen Patil,customer927@example.com,Wholesale,Mangaluru,2020-10-12
C00928,Vivek Sharma,customer928@example.com,Enterprise,Hassan,2025-07-17
C00929,Amit Sharma,customer929@example.com,Corporate,Mandya,2020-01-01
C00930,Anil Patil,customer930@example.com,Enterprise,Shivamogga,2023-04-08
C00931,Pooja Verma,customer931@example.com,Enterprise,Ramanagara,2022-04-22
C00932,Rohan Reddy,customer932@example.com,Wholesale,Mangaluru,2023-11-11
C00933,Priya Verma,customer933@example.com,Retail,Belagavi,2025-09-21
C00934,Pooja Patil,customer934@example.com,Wholesale,Bengaluru,2024-02-21
C00935,Swathi Kumar,customer935@example.com,Retail,Shivamogga,2024-01-11
C00936,Priya Reddy,customer936@example.com,Retail,Ramanagara,2024-11-03
C00937,Vivek Singh,customer937@example.com,Wholesale,Mangaluru,2024-07-21
C00938,Pooja Singh,customer938@example.com,Corporate,Mandya,2025-04-29
C00939,Anil Gowda,customer939@example.com,Enterprise,Hassan,2024-09-04
C00940,Anil Reddy,customer940@example.com,Corporate,Mandya,2020-02-17
C00941,Priya Kumar,customer941@example.com,Corporate,Hubballi,2024-11-23
C00942,Anil Sharma,customer942@example.com,Corporate,Mangaluru,2025-02-10
C00943,Vivek Singh,customer943@example.com,Corporate,Hubballi,2025-09-17
C00944,Pooja Das,customer944@example.com,Enterprise,Mangaluru,2023-12-26
C00945,Sneha Patil,customer945@example.com,Enterprise,Belagavi,2020-01-31
C00946,Vivek Naik,customer946@example.com,Corporate,Shivamogga,2023-01-07
C00947,Pooja Das,customer947@example.com,Wholesale,Bengaluru,2020-06-04
C00948,Vivek Naik,customer948@example.com,Wholesale,Mysuru,2025-05-26
C00949,Priya Patil,customer949@example.com,Wholesale,Hubballi,2025-10-18
C00950,Priya Das,customer950@example.com,Retail,Ramanagara,2025-04-19
C00951,Priya Das,customer951@example.com,Wholesale,Belagavi,2020-08-04
C00952,Rohan Das,customer952@example.com,Retail,Hubballi,2025-02-02
C00953,Swathi Naik,customer953@example.com,Wholesale,Mangaluru,2023-12-16
C00954,Deepa Reddy,customer954@example.com,Corporate,Bengaluru,2023-05-30
C00955,Vivek Reddy,customer955@example.com,Retail,Hubballi,2021-11-23
C00956,Vivek Kumar,customer956@example.com,Wholesale,Belagavi,2020-04-21
C00957,Deepa Naik,customer957@example.com,Retail,Mandya,2025-09-01
C00958,Priya Reddy,customer958@example.com,Wholesale,Mandya,2023-02-24
C00959,Deepa Reddy,customer959@example.com,Retail,Mysuru,2021-12-16
C00960,Vivek Patil,customer960@example.com,Enterprise,Hassan,2021-12-19
C00961,Deepa Gowda,customer961@example.com,Enterprise,Mandya,2025-11-30
C00962,Amit Shetty,customer962@example.com,Retail,Mandya,2021-09-23
C00963,Naveen Singh,customer963@example.com,Enterprise,Ramanagara,2024-12-07
C00964,Anil Gowda,customer964@example.com,Wholesale,Bengaluru,2022-12-18
C00965,Priya Kumar,customer965@example.com,Corporate,Hubballi,2024-06-21
C00966,Naveen Reddy,customer966@example.com,Enterprise,Shivamogga,2022-08-15
C00967,Pooja Singh,customer967@example.com,Enterprise,Tumakuru,2021-08-17
C00968,Swathi Singh,customer968@example.com,Retail,Tumakuru,2025-01-12
C00969,Pooja Shetty,customer969@example.com,Retail,Mysuru,2025-12-16
C00970,Rohan Singh,customer970@example.com,Wholesale,Hassan,2023-01-12
C00971,Deepa Sharma,customer971@example.com,Wholesale,Belagavi,2024-05-21
C00972,Naveen Gowda,customer972@example.com,Corporate,Shivamogga,2023-10-14
C00973,Anil Shetty,customer973@example.com,Retail,Bengaluru,2020-10-05
C00974,Amit Singh,customer974@example.com,Retail,Shivamogga,2021-03-01
C00975,Naveen Shetty,customer975@example.com,Corporate,Tumakuru,2022-10-28
C00976,Sneha Kumar,customer976@example.com,Retail,Belagavi,2021-01-11
C00977,Amit Verma,customer977@example.com,Corporate,Belagavi,2021-05-13
C00978,Priya Sharma,customer978@example.com,Corporate,Mangaluru,2022-01-26
C00979,Priya Patil,customer979@example.com,Wholesale,Tumakuru,2025-03-27
C00980,Priya Naik,customer980@example.com,Wholesale,Mangaluru,2023-08-17
C00981,Deepa Patil,customer981@example.com,Retail,Tumakuru,2020-09-12
C00982,Pooja Singh,customer982@example.com,Wholesale,Bengaluru,2022-11-23
C00983,Deepa Patil,customer983@example.com,Enterprise,Mysuru,2025-07-07
C00984,Sneha Verma,customer984@example.com,Enterprise,Mandya,2025-07-08
C00985,Priya Patil,customer985@example.com,Enterprise,Ramanagara,2021-03-11
C00986,Naveen Reddy,customer986@example.com,Retail,Bengaluru,2020-10-25
C00987,Priya Verma,customer987@example.com,Wholesale,Hubballi,2020-03-17
C00988,Naveen Patil,customer988@example.com,Retail,Bengaluru,2024-05-18
C00989,Deepa Patil,customer989@example.com,Wholesale,Mangaluru,2020-01-16
C00990,Swathi Naik,customer990@example.com,Enterprise,Mangaluru,2024-07-12
C00991,Priya Das,customer991@example.com,Corporate,Bengaluru,2024-04-23
C00992,Naveen Sharma,customer992@example.com,Wholesale,Hassan,2023-05-25
C00993,Pooja Kumar,customer993@example.com,Retail,Hassan,2025-12-29
C00994,Rohan Sharma,customer994@example.com,Enterprise,Tumakuru,2022-04-11
C00995,Anil Das,customer995@example.com,Retail,Mangaluru,2022-02-21
C00996,Deepa Singh,customer996@example.com,Retail,Hassan,2025-06-15
C00997,Priya Naik,customer997@example.com,Corporate,Mandya,2020-05-26
C00998,Sneha Kumar,customer998@example.com,Corporate,Hubballi,2024-05-11
C00999,Priya Das,customer999@example.com,Wholesale,Hubballi,2025-12-27
C01000,Naveen Kumar,customer1000@example.com,Retail,Hassan,2020-08-17
