route_id,route_name,origin,destination,distance_km,estimated_time_minutes
R0001,Route 1,Hassan,Bengaluru,435,652
R0002,Route 2,Mysuru,Ramanagara,555,832
R0003,Route 3,Hubballi,Shivamogga,172,258
R0004,Route 4,Belagavi,Ramanagara,93,139
R0005,Route 5,Bengaluru,Mandya,520,780
R0006,Route 6,Bengaluru,Hubballi,66,99
R0007,Route 7,Ramanagara,Mandya,34,51
R0008,Route 8,Mandya,Bengaluru,334,501
R0009,Route 9,Mysuru,Hubballi,194,291
R0010,Route 10,Belagavi,Mysuru,128,192
R0011,Route 11,Mysuru,Hubballi,245,367
R0012,Route 12,Mysuru,Ramanagara,456,684
R0013,Route 13,Hassan,Mangaluru,352,528
R0014,Route 14,Mysuru,Belagavi,578,867
R0015,Route 15,Mandya,Hassan,238,357
R0016,Route 16,Bengaluru,Belagavi,197,295
R0017,Route 17,Hassan,Mysuru,143,214
R0018,Route 18,Tumakuru,Mandya,445,667
R0019,Route 19,Mandya,Hassan,586,879
R0020,Route 20,Mandya,Hubballi,269,403
R0021,Route 21,Belagavi,Bengaluru,156,234
R0022,Route 22,Mysuru,Belagavi,405,607
R0023,Route 23,Mandya,Bengaluru,518,777
R0024,Route 24,Mysuru,Bengaluru,27,40
R0025,Route 25,Mandya,Mysuru,310,465
R0026,Route 26,Mangaluru,Hubballi,149,223
R0027,Route 27,Ramanagara,Mandya,297,445
R0028,Route 28,Shivamogga,Hubballi,441,661
R0029,Route 29,Ramanagara,Mandya,58,87
R0030,Route 30,Belagavi,Mandya,531,796
R0031,Route 31,Belagavi,Mysuru,328,492
R0032,Route 32,Hassan,Mangaluru,24,36
R0033,Route 33,Shivamogga,Ramanagara,216,324
R0034,Route 34,Mysuru,Shivamogga,117,175
R0035,Route 35,Belagavi,Hassan,572,858
R0036,Route 36,Shivamogga,Ramanagara,495,742
R0037,Route 37,Ramanagara,Tumakuru,74,111
R0038,Route 38,Ramanagara,Mysuru,172,258
R0039,Route 39,Hubballi,Mandya,183,274
R0040,Route 40,Bengaluru,Hassan,311,466
R0041,Route 41,Ramanagara,Mangaluru,277,415
R0042,Route 42,Hassan,Belagavi,484,726
R0043,Route 43,Bengaluru,Mysuru,73,109
R0044,Route 44,Shivamogga,Mandya,181,271
R0045,Route 45,Bengaluru,Hubballi,547,820
R0046,Route 46,Mysuru,Ramanagara,475,712
R0047,Route 47,Belagavi,Hassan,449,673
R0048,Route 48,Ramanagara,Hassan,255,382
R0049,Route 49,Mysuru,Hassan,253,379
R0050,Route 50,Mysuru,Ramanagara,442,663
R0051,Route 51,Ramanagara,Mangaluru,245,367
R0052,Route 52,Mysuru,Hubballi,516,774
R0053,Route 53,Bengaluru,Mangaluru,168,252
R0054,Route 54,Ramanagara,Belagavi,485,727
R0055,Route 55,Mandya,Mangaluru,402,603
R0056,Route 56,Mandya,Hubballi,218,327
R0057,Route 57,Hassan,Tumakuru,227,340
R0058,Route 58,Hassan,Mandya,52,78
R0059,Route 59,Belagavi,Bengaluru,307,460
R0060,Route 60,Mandya,Mysuru,496,744
R0061,Route 61,Hubballi,Mangaluru,195,292
R0062,Route 62,Hassan,Ramanagara,322,483
R0063,Route 63,Belagavi,Mandya,194,291
R0064,Route 64,Belagavi,Shivamogga,255,382
R0065,Route 65,Mysuru,Mangaluru,554,831
R0066,Route 66,Hubballi,Ramanagara,504,756
R0067,Route 67,Hubballi,Tumakuru,34,51
R0068,Route 68,Mangaluru,Ramanagara,273,409
R0069,Route 69,Hassan,Mangaluru,247,370
R0070,Route 70,Belagavi,Mandya,25,37
R0071,Route 71,Mangaluru,Bengaluru,61,91
R0072,Route 72,Hubballi,Shivamogga,54,81
R0073,Route 73,Mangaluru,Shivamogga,423,634
R0074,Route 74,Hubballi,Mysuru,483,724
R0075,Route 75,Hubballi,Ramanagara,105,157
R0076,Route 76,Shivamogga,Bengaluru,436,654
R0077,Route 77,Ramanagara,Mandya,387,580
R0078,Route 78,Tumakuru,Ramanagara,112,168
R0079,Route 79,Bengaluru,Hubballi,332,498
R0080,Route 80,Mandya,Hubballi,44,66
R0081,Route 81,Hubballi,Mandya,435,652
R0082,Route 82,Mandya,Hassan,495,742
R0083,Route 83,Bengaluru,Mysuru,414,621
R0084,Route 84,Hassan,Shivamogga,53,79
R0085,Route 85,Tumakuru,Mangaluru,296,444
R0086,Route 86,Belagavi,Shivamogga,232,348
R0087,Route 87,Mysuru,Belagavi,363,544
R0088,Route 88,Bengaluru,Shivamogga,392,588
R0089,Route 89,Bengaluru,Mysuru,412,618
R0090,Route 90,Hassan,Hubballi,61,91
R0091,Route 91,Hassan,Mandya,592,888
R0092,Route 92,Mysuru,Shivamogga,229,343
R0093,Route 93,Mandya,Hassan,264,396
R0094,Route 94,Shivamogga,Mysuru,509,763
R0095,Route 95,Belagavi,Ramanagara,250,375
R0096,Route 96,Hassan,Tumakuru,535,802
R0097,Route 97,Mangaluru,Tumakuru,75,112
R0098,Route 98,Mysuru,Hassan,373,559
R0099,Route 99,Hubballi,Shivamogga,559,838
R0100,Route 100,Mysuru,Hubballi,564,846
