driver_id,driver_name,age,gender,experience_years,status,_ingested_at,_source_file,_transformed_at
D0001,Manoj Gowda,39,Female,11,Inactive,2026-09-28T09:52:31,drivers.csv,2026-09-28T09:56:41
D0002,Kiran Patil,31,Male,13,Inactive,2026-09-28T09:52:31,drivers.csv,2026-09-28T09:56:41
D0003,Arun Gowda,26,Female,14,Active,2026-09-28T09:52:31,drivers.csv,2026-09-28T09:56:41
D0004,Ramesh Naik,48,Male,7,Active,2026-09-28T09:52:31,drivers.csv,2026-09-28T09:56:41
D0005,Prakash Verma,23,Female,16,Active,2026-09-28T09:52:31,drivers.csv,2026-09-28T09:56:41
D0006,Suresh Reddy,46,Female,18,Inactive,2026-09-28T09:52:31,drivers.csv,2026-09-28T09:56:41
D0007,Ramesh Verma,36,Female,8,Active,2026-09-28T09:52:31,drivers.csv,2026-09-28T09:56:41
D0008,Prakash Naik,23,Female,11,Inactive,2026-09-28T09:52:31,drivers.csv,2026-09-28T09:56:41
D0009,Prakash Patil,51,Male,20,Inactive,2026-09-28T09:52:31,drivers.csv,2026-09-28T09:56:41
D0010,Rahul Singh,58,Male,3,Inactive,2026-09-28T09:52:31,drivers.csv,2026-09-28T09:56:41
D0011,Prakash Patil,51,Male,2,Active,2026-09-28T09:52:31,drivers.csv,2026-09-28T09:56:41
D0012,Prakash Shetty,35,Female,11,Active,2026-09-28T09:52:31,drivers.csv,2026-09-28T09:56:41
D0013,Prakash Reddy,48,Female,3,Active,2026-09-28T09:52:31,drivers.csv,2026-09-28T09:56:41
D0014,Rahul Das,25,Female,8,Inactive,2026-09-28T09:52:31,drivers.csv,2026-09-28T09:56:41
D0015,Kiran Kumar,23,Male,7,Active,2026-09-28T09:52:31,drivers.csv,2026-09-28T09:56:41
D0016,Ajay Patil,37,Male,16,Inactive,2026-09-28T09:52:31,drivers.csv,2026-09-28T09:56:41
D0017,Kiran Verma,35,Female,23,Active,2026-09-28T09:52:31,drivers.csv,2026-09-28T09:56:41
D0018,Suresh Patil,29,Male,10,Active,2026-09-28T09:52:31,drivers.csv,2026-09-28T09:56:41
D0019,Ajay Kumar,41,Female,13,Inactive,2026-09-28T09:52:31,drivers.csv,2026-09-28T09:56:41
D0020,Ravi Sharma,37,Male,23,Active,2026-09-28T09:52:31,drivers.csv,2026-09-28T09:56:41
D0021,Ajay Sharma,58,Male,12,Inactive,2026-09-28T09:52:31,drivers.csv,2026-09-28T09:56:41
D0022,Prakash Shetty,26,Female,1,Active,2026-09-28T09:52:31,drivers.csv,2026-09-28T09:56:41
D0023,Vijay Sharma,49,Female,21,Active,2026-09-28T09:52:31,drivers.csv,2026-09-28T09:56:41
D0024,Arun Singh,33,Female,20,Inactive,2026-09-28T09:52:31,drivers.csv,2026-09-28T09:56:41
D0025,Vijay Naik,49,Female,11,Active,2026-09-28T09:52:31,drivers.csv,2026-09-28T09:56:41
D0026,Kiran Reddy,50,Male,25,Active,2026-09-28T09:52:31,drivers.csv,2026-09-28T09:56:41
D0027,Ajay Verma,46,Female,1,Active,2026-09-28T09:52:31,drivers.csv,2026-09-28T09:56:41
D0028,Suresh Patil,53,Male,12,Active,2026-09-28T09:52:31,drivers.csv,2026-09-28T09:56:41
D0029,Suresh Reddy,39,Male,17,Active,2026-09-28T09:52:31,drivers.csv,2026-09-28T09:56:41
D0030,Kiran Gowda,48,Female,18,Active,2026-09-28T09:52:31,drivers.csv,2026-09-28T09:56:41
D0031,Vijay Naik,50,Male,3,Active,2026-09-28T09:52:31,drivers.csv,2026-09-28T09:56:41
D0032,Ravi Singh,37,Female,22,Inactive,2026-09-28T09:52:31,drivers.csv,2026-09-28T09:56:41
D0033,Suresh Naik,57,Female,14,Inactive,2026-09-28T09:52:31,drivers.csv,2026-09-28T09:56:41
D0034,Ramesh Shetty,44,Female,9,Active,2026-09-28T09:52:31,drivers.csv,2026-09-28T09:56:41
D0035,Manoj Gowda,29,Male,11,Active,2026-09-28T09:52:31,drivers.csv,2026-09-28T09:56:41
D0036,Ramesh Patil,34,Male,24,Active,2026-09-28T09:52:31,drivers.csv,2026-09-28T09:56:41
D0037,Manoj Verma,55,Female,4,Active,2026-09-28T09:52:31,drivers.csv,2026-09-28T09:56:41
D0038,Manoj Gowda,45,Male,10,Active,2026-09-28T09:52:31,drivers.csv,2026-09-28T09:56:41
D0039,Ramesh Patil,39,Male,2,Inactive,2026-09-28T09:52:31,drivers.csv,2026-09-28T09:56:41
D0040,Manoj Patil,53,Male,1,Inactive,2026-09-28T09:52:31,drivers.csv,2026-09-28T09:56:41
D0041,Manoj Naik,52,Female,11,Active,2026-09-28T09:52:31,drivers.csv,2026-09-28T09:56:41
D0042,Rahul Reddy,52,Male,3,Active,2026-09-28T09:52:31,drivers.csv,2026-09-28T09:56:41
D0043,Vijay Sharma,58,Male,5,Active,2026-09-28T09:52:31,drivers.csv,2026-09-28T09:56:41
D0044,Ajay Reddy,27,Male,4,Inactive,2026-09-28T09:52:31,drivers.csv,2026-09-28T09:56:41
D0045,Prakash Verma,36,Female,15,Active,2026-09-28T09:52:31,drivers.csv,2026-09-28T09:56:41
D0046,Manoj Verma,49,Female,19,Inactive,2026-09-28T09:52:31,drivers.csv,2026-09-28T09:56:41
D0047,Rahul Verma,28,Male,21,Active,2026-09-28T09:52:31,drivers.csv,2026-09-28T09:56:41
D0048,Manoj Sharma,32,Male,6,Inactive,2026-09-28T09:52:31,drivers.csv,2026-09-28T09:56:41
D0049,Kiran Patil,22,Female,15,Inactive,2026-09-28T09:52:31,drivers.csv,2026-09-28T09:56:41
D0050,Ajay Naik,40,Male,8,Active,2026-09-28T09:52:31,drivers.csv,2026-09-28T09:56:41
D0051,Manoj Naik,26,Male,9,Inactive,2026-09-28T09:52:31,drivers.csv,2026-09-28T09:56:41
D0052,Ajay Gowda,49,Male,18,Active,2026-09-28T09:52:31,drivers.csv,2026-09-28T09:56:41
D0053,Arun Reddy,31,Male,2,Active,2026-09-28T09:52:31,drivers.csv,2026-09-28T09:56:41
D0054,Manoj Verma,58,Female,15,Active,2026-09-28T09:52:31,drivers.csv,2026-09-28T09:56:41
D0055,Vijay Reddy,47,Female,17,Inactive,2026-09-28T09:52:31,drivers.csv,2026-09-28T09:56:41
D0056,Vijay Naik,27,Male,14,Inactive,2026-09-28T09:52:31,drivers.csv,2026-09-28T09:56:41
D0057,Suresh Verma,38,Male,3,Active,2026-09-28T09:52:31,drivers.csv,2026-09-28T09:56:41
D0058,Ajay Verma,23,Female,19,Active,2026-09-28T09:52:31,drivers.csv,2026-09-28T09:56:41
D0059,Arun Naik,55,Female,9,Active,2026-09-28T09:52:31,drivers.csv,2026-09-28T09:56:41
D0060,Ajay Singh,53,Male,16,Active,2026-09-28T09:52:31,drivers.csv,2026-09-28T09:56:41
D0061,Prakash Shetty,42,Male,6,Active,2026-09-28T09:52:31,drivers.csv,2026-09-28T09:56:41
D0062,Prakash Naik,40,Female,25,Inactive,2026-09-28T09:52:31,drivers.csv,2026-09-28T09:56:41
D0063,Rahul Naik,27,Female,9,Active,2026-09-28T09:52:31,drivers.csv,2026-09-28T09:56:41
D0064,Kiran Singh,54,Male,22,Inactive,2026-09-28T09:52:31,drivers.csv,2026-09-28T09:56:41
D0065,Vijay Singh,25,Male,17,Active,2026-09-28T09:52:31,drivers.csv,2026-09-28T09:56:41
D0066,Ajay Naik,50,Male,7,Active,2026-09-28T09:52:31,drivers.csv,2026-09-28T09:56:41
D0067,Ramesh Patil,40,Female,23,Active,2026-09-28T09:52:31,drivers.csv,2026-09-28T09:56:41
D0068,Kiran Kumar,37,Male,10,Inactive,2026-09-28T09:52:31,drivers.csv,2026-09-28T09:56:41
D0069,Rahul Das,48,Male,8,Active,2026-09-28T09:52:31,drivers.csv,2026-09-28T09:56:41
D0070,Vijay Sharma,31,Female,23,Active,2026-09-28T09:52:31,drivers.csv,2026-09-28T09:56:41
D0071,Ramesh Reddy,48,Female,16,Active,2026-09-28T09:52:31,drivers.csv,2026-09-28T09:56:41
D0072,Vijay Das,31,Female,7,Inactive,2026-09-28T09:52:31,drivers.csv,2026-09-28T09:56:41
D0073,Ramesh Patil,26,Female,25,Active,2026-09-28T09:52:31,drivers.csv,2026-09-28T09:56:41
D0074,Suresh Das,39,Male,10,Inactive,2026-09-28T09:52:31,drivers.csv,2026-09-28T09:56:41
D0075,Manoj Verma,53,Male,15,Inactive,2026-09-28T09:52:31,drivers.csv,2026-09-28T09:56:41
D0076,Vijay Shetty,43,Female,15,Active,2026-09-28T09:52:31,drivers.csv,2026-09-28T09:56:41
D0077,Ravi Gowda,58,Female,8,Active,2026-09-28T09:52:31,drivers.csv,2026-09-28T09:56:41
D0078,Rahul Shetty,52,Female,13,Inactive,2026-09-28T09:52:31,drivers.csv,2026-09-28T09:56:41
D0079,Arun Naik,24,Male,17,Inactive,2026-09-28T09:52:31,drivers.csv,2026-09-28T09:56:41
D0080,Suresh Sharma,50,Male,17,Active,2026-09-28T09:52:31,drivers.csv,2026-09-28T09:56:41
D0081,Rahul Patil,48,Male,3,Active,2026-09-28T09:52:31,drivers.csv,2026-09-28T09:56:41
D0082,Manoj Shetty,47,Male,11,Inactive,2026-09-28T09:52:31,drivers.csv,2026-09-28T09:56:41
D0083,Ramesh Singh,42,Female,18,Active,2026-09-28T09:52:31,drivers.csv,2026-09-28T09:56:41
D0084,Ajay Sharma,37,Female,8,Inactive,2026-09-28T09:52:31,drivers.csv,2026-09-28T09:56:41
D0085,Kiran Singh,28,Male,15,Active,2026-09-28T09:52:31,drivers.csv,2026-09-28T09:56:41
D0086,Manoj Kumar,24,Female,2,Active,2026-09-28T09:52:31,drivers.csv,2026-09-28T09:56:41
D0087,Suresh Shetty,49,Male,8,Inactive,2026-09-28T09:52:31,drivers.csv,2026-09-28T09:56:41
D0088,Prakash Verma,33,Male,6,Active,2026-09-28T09:52:31,drivers.csv,2026-09-28T09:56:41
D0089,Ajay Singh,37,Female,19,Active,2026-09-28T09:52:31,drivers.csv,2026-09-28T09:56:41
D0090,Ravi Naik,38,Female,9,Inactive,2026-09-28T09:52:31,drivers.csv,2026-09-28T09:56:41
D0091,Rahul Naik,40,Male,3,Active,2026-09-28T09:52:31,drivers.csv,2026-09-28T09:56:41
D0092,Suresh Verma,41,Female,23,Active,2026-09-28T09:52:31,drivers.csv,2026-09-28T09:56:41
D0093,Vijay Reddy,34,Female,16,Active,2026-09-28T09:52:31,drivers.csv,2026-09-28T09:56:41
D0094,Ravi Singh,58,Female,19,Active,2026-09-28T09:52:31,drivers.csv,2026-09-28T09:56:41
D0095,Manoj Kumar,47,Female,1,Inactive,2026-09-28T09:52:31,drivers.csv,2026-09-28T09:56:41
D0096,Rahul Verma,53,Female,25,Active,2026-09-28T09:52:31,drivers.csv,2026-09-28T09:56:41
D0097,Ajay Shetty,36,Male,20,Active,2026-09-28T09:52:31,drivers.csv,2026-09-28T09:56:41
D0098,Arun Sharma,24,Female,15,Active,2026-09-28T09:52:31,drivers.csv,2026-09-28T09:56:41
D0099,Ajay Shetty,30,Male,10,Active,2026-09-28T09:52:31,drivers.csv,2026-09-28T09:56:41
D0100,Prakash Patil,34,Male,18,Active,2026-09-28T09:52:31,drivers.csv,2026-09-28T09:56:41
D0101,Ramesh Das,39,Male,9,Active,2026-09-28T09:52:31,drivers.csv,2026-09-28T09:56:41
D0102,Manoj Shetty,29,Female,3,Active,2026-09-28T09:52:31,drivers.csv,2026-09-28T09:56:41
D0103,Ravi Singh,57,Female,3,Active,2026-09-28T09:52:31,drivers.csv,2026-09-28T09:56:41
D0104,Rahul Reddy,56,Male,15,Active,2026-09-28T09:52:31,drivers.csv,2026-09-28T09:56:41
D0105,Manoj Verma,46,Female,4,Inactive,2026-09-28T09:52:31,drivers.csv,2026-09-28T09:56:41
D0106,Ravi Naik,23,Female,20,Active,2026-09-28T09:52:31,drivers.csv,2026-09-28T09:56:41
D0107,Kiran Naik,41,Female,4,Active,2026-09-28T09:52:31,drivers.csv,2026-09-28T09:56:41
D0108,Rahul Kumar,41,Female,4,Active,2026-09-28T09:52:31,drivers.csv,2026-09-28T09:56:41
D0109,Ravi Das,30,Female,15,Active,2026-09-28T09:52:31,drivers.csv,2026-09-28T09:56:41
D0110,Ramesh Singh,31,Female,21,Active,2026-09-28T09:52:31,drivers.csv,2026-09-28T09:56:41
D0111,Vijay Verma,48,Female,2,Inactive,2026-09-28T09:52:31,drivers.csv,2026-09-28T09:56:41
D0112,Suresh Gowda,50,Female,8,Active,2026-09-28T09:52:31,drivers.csv,2026-09-28T09:56:41
D0113,Kiran Shetty,56,Female,2,Active,2026-09-28T09:52:31,drivers.csv,2026-09-28T09:56:41
D0114,Manoj Gowda,29,Female,3,Inactive,2026-09-28T09:52:31,drivers.csv,2026-09-28T09:56:41
D0115,Ravi Verma,23,Male,11,Active,2026-09-28T09:52:31,drivers.csv,2026-09-28T09:56:41
D0116,Arun Verma,35,Male,25,Inactive,2026-09-28T09:52:31,drivers.csv,2026-09-28T09:56:41
D0117,Ravi Verma,35,Male,11,Active,2026-09-28T09:52:31,drivers.csv,2026-09-28T09:56:41
D0118,Ajay Kumar,39,Male,5,Inactive,2026-09-28T09:52:31,drivers.csv,2026-09-28T09:56:41
D0119,Manoj Patil,29,Male,5,Active,2026-09-28T09:52:31,drivers.csv,2026-09-28T09:56:41
D0120,Suresh Gowda,42,Male,6,Active,2026-09-28T09:52:31,drivers.csv,2026-09-28T09:56:41
D0121,Rahul Patil,48,Male,24,Active,2026-09-28T09:52:31,drivers.csv,2026-09-28T09:56:41
D0122,Vijay Naik,45,Male,15,Inactive,2026-09-28T09:52:31,drivers.csv,2026-09-28T09:56:41
D0123,Ravi Verma,24,Female,15,Inactive,2026-09-28T09:52:31,drivers.csv,2026-09-28T09:56:41
D0124,Rahul Kumar,52,Female,14,Inactive,2026-09-28T09:52:31,drivers.csv,2026-09-28T09:56:41
D0125,Kiran Naik,50,Male,3,Active,2026-09-28T09:52:31,drivers.csv,2026-09-28T09:56:41
D0126,Ajay Patil,26,Male,9,Inactive,2026-09-28T09:52:31,drivers.csv,2026-09-28T09:56:41
D0127,Ajay Das,42,Female,20,Inactive,2026-09-28T09:52:31,drivers.csv,2026-09-28T09:56:41
D0128,Manoj Naik,54,Female,4,Inactive,2026-09-28T09:52:31,drivers.csv,2026-09-28T09:56:41
D0129,Kiran Das,35,Female,15,Active,2026-09-28T09:52:31,drivers.csv,2026-09-28T09:56:41
D0130,Prakash Shetty,51,Female,14,Inactive,2026-09-28T09:52:31,drivers.csv,2026-09-28T09:56:41
D0131,Kiran Shetty,49,Female,22,Active,2026-09-28T09:52:31,drivers.csv,2026-09-28T09:56:41
D0132,Suresh Patil,52,Male,3,Active,2026-09-28T09:52:31,drivers.csv,2026-09-28T09:56:41
D0133,Kiran Singh,28,Female,5,Inactive,2026-09-28T09:52:31,drivers.csv,2026-09-28T09:56:41
D0134,Rahul Verma,57,Female,22,Active,2026-09-28T09:52:31,drivers.csv,2026-09-28T09:56:41
D0135,Prakash Shetty,49,Male,10,Inactive,2026-09-28T09:52:31,drivers.csv,2026-09-28T09:56:41
D0136,Manoj Shetty,28,Male,5,Inactive,2026-09-28T09:52:31,drivers.csv,2026-09-28T09:56:41
D0137,Vijay Gowda,28,Female,18,Active,2026-09-28T09:52:31,drivers.csv,2026-09-28T09:56:41
D0138,Kiran Reddy,58,Male,14,Inactive,2026-09-28T09:52:31,drivers.csv,2026-09-28T09:56:41
D0139,Ajay Verma,57,Male,20,Inactive,2026-09-28T09:52:31,drivers.csv,2026-09-28T09:56:41
D0140,Manoj Kumar,33,Female,23,Active,2026-09-28T09:52:31,drivers.csv,2026-09-28T09:56:41
D0141,Suresh Shetty,22,Male,5,Inactive,2026-09-28T09:52:31,drivers.csv,2026-09-28T09:56:41
D0142,Prakash Sharma,31,Male,3,Inactive,2026-09-28T09:52:31,drivers.csv,2026-09-28T09:56:41
D0143,Ramesh Gowda,46,Female,15,Active,2026-09-28T09:52:31,drivers.csv,2026-09-28T09:56:41
D0144,Arun Shetty,41,Female,25,Inactive,2026-09-28T09:52:31,drivers.csv,2026-09-28T09:56:41
D0145,Ajay Sharma,25,Male,6,Inactive,2026-09-28T09:52:31,drivers.csv,2026-09-28T09:56:41
D0146,Rahul Sharma,39,Female,22,Active,2026-09-28T09:52:31,drivers.csv,2026-09-28T09:56:41
D0147,Vijay Verma,50,Female,9,Active,2026-09-28T09:52:31,drivers.csv,2026-09-28T09:56:41
D0148,Ramesh Sharma,44,Female,4,Active,2026-09-28T09:52:31,drivers.csv,2026-09-28T09:56:41
D0149,Ajay Naik,55,Female,2,Active,2026-09-28T09:52:31,drivers.csv,2026-09-28T09:56:41
D0150,Prakash Verma,25,Male,7,Active,2026-09-28T09:52:31,drivers.csv,2026-09-28T09:56:41
